payment_id,user_id,payment_date,amount,payment_method,status
1,1,2025-11-15 00:26:16.038835,14.99,paypal,success
2,1,2025-12-15 00:26:16.038835,14.99,card,success
3,1,2026-01-14 00:26:16.038835,14.99,paypal,success
4,1,2026-02-13 00:26:16.038835,14.99,paypal,success
5,1,2026-03-15 00:26:16.038835,14.99,paypal,success
6,1,2026-04-14 00:26:16.038835,14.99,paypal,success
7,8,2026-01-28 00:26:16.038858,14.99,paypal,success
8,8,2026-02-27 00:26:16.038858,14.99,paypal,success
9,8,2026-03-29 00:26:16.038858,14.99,card,success
10,8,2026-04-28 00:26:16.038858,14.99,paypal,refunded
11,8,2026-05-28 00:26:16.038858,14.99,paypal,success
12,9,2025-05-28 00:26:16.038859,0.0,paypal,success
13,9,2025-06-27 00:26:16.038859,0.0,paypal,success
14,9,2025-07-27 00:26:16.038859,0.0,card,refunded
15,9,2025-08-26 00:26:16.038859,0.0,paypal,success
16,11,2025-10-30 00:26:16.038861,14.99,paypal,failed
17,11,2025-11-29 00:26:16.038861,14.99,paypal,success
18,11,2025-12-29 00:26:16.038861,14.99,card,success
19,11,2026-01-28 00:26:16.038861,14.99,paypal,refunded
20,11,2026-02-27 00:26:16.038861,14.99,paypal,success
21,11,2026-03-29 00:26:16.038861,14.99,paypal,failed
22,13,2026-03-16 00:26:16.038864,0.0,paypal,success
23,14,2025-06-13 00:26:16.038865,9.99,paypal,success
24,14,2025-07-13 00:26:16.038865,9.99,card,success
25,14,2025-08-12 00:26:16.038865,9.99,card,success
26,15,2026-02-27 00:26:16.038866,0.0,card,success
27,15,2026-03-29 00:26:16.038866,0.0,paypal,success
28,15,2026-04-28 00:26:16.038866,0.0,paypal,failed
29,15,2026-05-28 00:26:16.038866,0.0,paypal,success
30,15,2026-06-27 00:26:16.038866,0.0,paypal,success
31,16,2025-10-26 00:26:16.038867,9.99,paypal,success
32,16,2025-11-25 00:26:16.038867,9.99,paypal,success
33,16,2025-12-25 00:26:16.038867,9.99,paypal,success
34,18,2026-01-06 00:26:16.038869,0.0,paypal,success
35,18,2026-02-05 00:26:16.038869,0.0,paypal,success
36,18,2026-03-07 00:26:16.038869,0.0,paypal,success
37,19,2025-11-21 00:26:16.038870,9.99,card,success
38,19,2025-12-21 00:26:16.038870,9.99,paypal,success
39,19,2026-01-20 00:26:16.038870,9.99,paypal,success
40,19,2026-02-19 00:26:16.038870,9.99,card,refunded
41,19,2026-03-21 00:26:16.038870,9.99,paypal,success
42,20,2025-08-20 00:26:16.038872,14.99,card,success
43,20,2025-09-19 00:26:16.038872,14.99,paypal,success
44,20,2025-10-19 00:26:16.038872,14.99,card,success
45,20,2025-11-18 00:26:16.038872,14.99,paypal,success
46,21,2025-07-31 00:26:16.038873,0.0,paypal,success
47,21,2025-08-30 00:26:16.038873,0.0,card,refunded
48,22,2025-09-16 00:26:16.038874,14.99,card,success
49,22,2025-10-16 00:26:16.038874,14.99,card,failed
50,23,2025-05-28 00:26:16.038875,9.99,card,success
51,23,2025-06-27 00:26:16.038875,9.99,paypal,success
52,23,2025-07-27 00:26:16.038875,9.99,paypal,success
53,23,2025-08-26 00:26:16.038875,9.99,paypal,success
54,23,2025-09-25 00:26:16.038875,9.99,card,failed
55,24,2025-06-23 00:26:16.038876,0.0,card,success
56,24,2025-07-23 00:26:16.038876,0.0,card,success
57,24,2025-08-22 00:26:16.038876,0.0,paypal,success
58,24,2025-09-21 00:26:16.038876,0.0,card,success
59,24,2025-10-21 00:26:16.038876,0.0,paypal,success
60,24,2025-11-20 00:26:16.038876,0.0,paypal,success
61,26,2025-11-17 00:26:16.038878,0.0,card,success
62,28,2025-12-25 00:26:16.038880,9.99,card,success
63,28,2026-01-24 00:26:16.038880,9.99,card,failed
64,31,2025-05-23 00:26:16.038883,9.99,paypal,success
65,31,2025-06-22 00:26:16.038883,9.99,paypal,success
66,31,2025-07-22 00:26:16.038883,9.99,paypal,success
67,31,2025-08-21 00:26:16.038883,9.99,card,failed
68,31,2025-09-20 00:26:16.038883,9.99,paypal,success
69,31,2025-10-20 00:26:16.038883,9.99,paypal,success
70,35,2025-07-27 00:26:16.038887,0.0,paypal,success
71,35,2025-08-26 00:26:16.038887,0.0,card,success
72,36,2025-09-28 00:26:16.038888,9.99,card,success
73,36,2025-10-28 00:26:16.038888,9.99,paypal,success
74,36,2025-11-27 00:26:16.038888,9.99,paypal,success
75,36,2025-12-27 00:26:16.038888,9.99,paypal,success
76,36,2026-01-26 00:26:16.038888,9.99,card,success
77,37,2025-12-14 00:26:16.038890,9.99,paypal,success
78,37,2026-01-13 00:26:16.038890,9.99,card,success
79,39,2025-12-14 00:26:16.038892,0.0,card,failed
80,41,2025-07-22 00:26:16.038894,0.0,paypal,failed
81,41,2025-08-21 00:26:16.038894,0.0,card,success
82,41,2025-09-20 00:26:16.038894,0.0,paypal,success
83,41,2025-10-20 00:26:16.038894,0.0,paypal,success
84,45,2025-11-26 00:26:16.038898,9.99,card,success
85,45,2025-12-26 00:26:16.038898,9.99,paypal,success
86,45,2026-01-25 00:26:16.038898,9.99,paypal,success
87,45,2026-02-24 00:26:16.038898,9.99,card,success
88,46,2025-11-05 00:26:16.038899,0.0,paypal,success
89,46,2025-12-05 00:26:16.038899,0.0,paypal,success
90,46,2026-01-04 00:26:16.038899,0.0,paypal,success
91,46,2026-02-03 00:26:16.038899,0.0,paypal,success
92,46,2026-03-05 00:26:16.038899,0.0,paypal,failed
93,46,2026-04-04 00:26:16.038899,0.0,card,success
94,47,2025-11-12 00:26:16.038900,9.99,paypal,success
95,49,2025-09-19 00:26:16.038902,9.99,paypal,success
96,49,2025-10-19 00:26:16.038902,9.99,paypal,success
97,49,2025-11-18 00:26:16.038902,9.99,card,refunded
98,49,2025-12-18 00:26:16.038902,9.99,paypal,failed
99,49,2026-01-17 00:26:16.038902,9.99,card,success
100,54,2025-09-30 00:26:16.038907,14.99,card,success
101,54,2025-10-30 00:26:16.038907,14.99,paypal,success
102,54,2025-11-29 00:26:16.038907,14.99,card,success
103,54,2025-12-29 00:26:16.038907,14.99,card,success
104,54,2026-01-28 00:26:16.038907,14.99,paypal,success
105,54,2026-02-27 00:26:16.038907,14.99,card,success
106,55,2025-08-29 00:26:16.038908,9.99,card,success
107,55,2025-09-28 00:26:16.038908,9.99,paypal,success
108,55,2025-10-28 00:26:16.038908,9.99,paypal,success
109,55,2025-11-27 00:26:16.038908,9.99,card,failed
110,57,2026-01-15 00:26:16.038910,0.0,card,success
111,57,2026-02-14 00:26:16.038910,0.0,card,success
112,57,2026-03-16 00:26:16.038910,0.0,paypal,failed
113,57,2026-04-15 00:26:16.038910,0.0,card,success
114,57,2026-05-15 00:26:16.038910,0.0,paypal,success
115,57,2026-06-14 00:26:16.038910,0.0,card,success
116,58,2025-05-15 00:26:16.038911,9.99,card,success
117,58,2025-06-14 00:26:16.038911,9.99,card,success
118,58,2025-07-14 00:26:16.038911,9.99,card,success
119,58,2025-08-13 00:26:16.038911,9.99,paypal,failed
120,58,2025-09-12 00:26:16.038911,9.99,paypal,success
121,58,2025-10-12 00:26:16.038911,9.99,card,success
122,59,2025-05-12 00:26:16.038912,14.99,paypal,success
123,59,2025-06-11 00:26:16.038912,14.99,card,success
124,59,2025-07-11 00:26:16.038912,14.99,card,success
125,59,2025-08-10 00:26:16.038912,14.99,card,success
126,60,2025-12-10 00:26:16.038913,9.99,card,success
127,60,2026-01-09 00:26:16.038913,9.99,card,success
128,60,2026-02-08 00:26:16.038913,9.99,card,success
129,60,2026-03-10 00:26:16.038913,9.99,paypal,success
130,60,2026-04-09 00:26:16.038913,9.99,card,success
131,63,2025-10-25 00:26:16.038916,0.0,card,success
132,63,2025-11-24 00:26:16.038916,0.0,card,success
133,63,2025-12-24 00:26:16.038916,0.0,card,success
134,63,2026-01-23 00:26:16.038916,0.0,paypal,success
135,63,2026-02-22 00:26:16.038916,0.0,paypal,success
136,65,2026-04-03 00:26:16.038918,0.0,card,success
137,65,2026-05-03 00:26:16.038918,0.0,card,failed
138,65,2026-06-02 00:26:16.038918,0.0,card,failed
139,65,2026-07-02 00:26:16.038918,0.0,card,refunded
140,66,2025-07-28 00:26:16.038919,0.0,paypal,success
141,66,2025-08-27 00:26:16.038919,0.0,card,success
142,66,2025-09-26 00:26:16.038919,0.0,paypal,success
143,66,2025-10-26 00:26:16.038919,0.0,card,success
144,66,2025-11-25 00:26:16.038919,0.0,paypal,success
145,69,2026-04-07 00:26:16.038922,0.0,paypal,success
146,69,2026-05-07 00:26:16.038922,0.0,paypal,success
147,69,2026-06-06 00:26:16.038922,0.0,paypal,failed
148,70,2025-05-26 00:26:16.038923,0.0,paypal,success
149,70,2025-06-25 00:26:16.038923,0.0,card,success
150,70,2025-07-25 00:26:16.038923,0.0,paypal,success
151,73,2025-11-24 00:26:16.038926,9.99,paypal,success
152,74,2026-01-03 00:26:16.038927,9.99,card,success
153,74,2026-02-02 00:26:16.038927,9.99,paypal,failed
154,74,2026-03-04 00:26:16.038927,9.99,paypal,success
155,74,2026-04-03 00:26:16.038927,9.99,card,failed
156,74,2026-05-03 00:26:16.038927,9.99,paypal,failed
157,74,2026-06-02 00:26:16.038927,9.99,card,failed
158,75,2025-06-23 00:26:16.038928,9.99,card,refunded
159,75,2025-07-23 00:26:16.038928,9.99,paypal,success
160,76,2025-05-15 00:26:16.038929,0.0,paypal,success
161,76,2025-06-14 00:26:16.038929,0.0,paypal,success
162,76,2025-07-14 00:26:16.038929,0.0,paypal,success
163,81,2025-09-03 00:26:16.038935,9.99,card,success
164,82,2026-04-13 00:26:16.038936,0.0,paypal,success
165,82,2026-05-13 00:26:16.038936,0.0,card,success
166,82,2026-06-12 00:26:16.038936,0.0,paypal,success
167,92,2025-07-08 00:26:16.038946,0.0,paypal,success
168,92,2025-08-07 00:26:16.038946,0.0,card,failed
169,92,2025-09-06 00:26:16.038946,0.0,card,success
170,92,2025-10-06 00:26:16.038946,0.0,card,success
171,92,2025-11-05 00:26:16.038946,0.0,paypal,success
172,92,2025-12-05 00:26:16.038946,0.0,card,success
173,93,2026-03-14 00:26:16.038947,0.0,paypal,success
174,94,2025-07-01 00:26:16.038948,0.0,card,success
175,94,2025-07-31 00:26:16.038948,0.0,paypal,failed
176,94,2025-08-30 00:26:16.038948,0.0,paypal,success
177,95,2026-04-10 00:26:16.038949,0.0,paypal,success
178,95,2026-05-10 00:26:16.038949,0.0,card,success
179,95,2026-06-09 00:26:16.038949,0.0,card,failed
180,96,2025-09-13 00:26:16.038950,9.99,paypal,success
181,96,2025-10-13 00:26:16.038950,9.99,card,success
182,96,2025-11-12 00:26:16.038950,9.99,paypal,success
183,96,2025-12-12 00:26:16.038950,9.99,paypal,success
184,97,2025-11-05 00:26:16.038951,0.0,paypal,failed
185,97,2025-12-05 00:26:16.038951,0.0,paypal,success
186,97,2026-01-04 00:26:16.038951,0.0,paypal,failed
187,97,2026-02-03 00:26:16.038951,0.0,card,failed
188,97,2026-03-05 00:26:16.038951,0.0,card,success
189,102,2026-03-29 00:26:16.038957,0.0,card,failed
190,104,2026-03-13 00:26:16.038959,9.99,paypal,success
191,104,2026-04-12 00:26:16.038959,9.99,paypal,success
192,104,2026-05-12 00:26:16.038959,9.99,card,success
193,104,2026-06-11 00:26:16.038959,9.99,card,failed
194,105,2026-04-25 00:26:16.038960,0.0,paypal,success
195,105,2026-05-25 00:26:16.038960,0.0,paypal,refunded
196,108,2025-08-16 00:26:16.038963,0.0,card,success
197,108,2025-09-15 00:26:16.038963,0.0,card,success
198,108,2025-10-15 00:26:16.038963,0.0,paypal,success
199,108,2025-11-14 00:26:16.038963,0.0,card,failed
200,108,2025-12-14 00:26:16.038963,0.0,card,success
201,110,2025-05-11 00:26:16.038965,0.0,card,success
202,110,2025-06-10 00:26:16.038965,0.0,paypal,success
203,110,2025-07-10 00:26:16.038965,0.0,paypal,success
204,110,2025-08-09 00:26:16.038965,0.0,card,success
205,110,2025-09-08 00:26:16.038965,0.0,card,success
206,110,2025-10-08 00:26:16.038965,0.0,paypal,success
207,111,2025-12-08 00:26:16.038966,9.99,card,success
208,111,2026-01-07 00:26:16.038966,9.99,paypal,success
209,111,2026-02-06 00:26:16.038966,9.99,paypal,success
210,111,2026-03-08 00:26:16.038966,9.99,card,success
211,111,2026-04-07 00:26:16.038966,9.99,card,success
212,112,2026-02-03 00:26:16.038967,0.0,paypal,success
213,116,2025-09-01 00:26:16.038971,0.0,card,success
214,116,2025-10-01 00:26:16.038971,0.0,card,success
215,116,2025-10-31 00:26:16.038971,0.0,paypal,success
216,117,2026-03-02 00:26:16.038972,0.0,paypal,success
217,117,2026-04-01 00:26:16.038972,0.0,paypal,success
218,117,2026-05-01 00:26:16.038972,0.0,paypal,success
219,117,2026-05-31 00:26:16.038972,0.0,card,success
220,117,2026-06-30 00:26:16.038972,0.0,paypal,success
221,117,2026-07-30 00:26:16.038972,0.0,card,success
222,118,2025-11-05 00:26:16.038973,9.99,card,success
223,118,2025-12-05 00:26:16.038973,9.99,paypal,success
224,118,2026-01-04 00:26:16.038973,9.99,card,success
225,118,2026-02-03 00:26:16.038973,9.99,paypal,success
226,118,2026-03-05 00:26:16.038973,9.99,paypal,success
227,120,2026-03-10 00:26:16.038974,9.99,paypal,failed
228,120,2026-04-09 00:26:16.038974,9.99,card,success
229,120,2026-05-09 00:26:16.038974,9.99,paypal,success
230,120,2026-06-08 00:26:16.038974,9.99,paypal,success
231,120,2026-07-08 00:26:16.038974,9.99,paypal,success
232,120,2026-08-07 00:26:16.038974,9.99,paypal,success
233,121,2026-03-30 00:26:16.038975,9.99,card,failed
234,121,2026-04-29 00:26:16.038975,9.99,card,success
235,125,2025-10-05 00:26:16.038979,9.99,card,success
236,125,2025-11-04 00:26:16.038979,9.99,paypal,success
237,125,2025-12-04 00:26:16.038979,9.99,card,success
238,125,2026-01-03 00:26:16.038979,9.99,paypal,success
239,127,2025-09-23 00:26:16.038981,0.0,paypal,success
240,127,2025-10-23 00:26:16.038981,0.0,card,success
241,127,2025-11-22 00:26:16.038981,0.0,card,success
242,127,2025-12-22 00:26:16.038981,0.0,paypal,success
243,127,2026-01-21 00:26:16.038981,0.0,paypal,success
244,129,2026-03-25 00:26:16.038983,0.0,card,success
245,129,2026-04-24 00:26:16.038983,0.0,card,success
246,129,2026-05-24 00:26:16.038983,0.0,paypal,success
247,129,2026-06-23 00:26:16.038983,0.0,card,success
248,129,2026-07-23 00:26:16.038983,0.0,paypal,success
249,132,2025-06-08 00:26:16.038986,0.0,paypal,success
250,132,2025-07-08 00:26:16.038986,0.0,paypal,success
251,132,2025-08-07 00:26:16.038986,0.0,paypal,success
252,132,2025-09-06 00:26:16.038986,0.0,card,success
253,132,2025-10-06 00:26:16.038986,0.0,card,success
254,132,2025-11-05 00:26:16.038986,0.0,paypal,success
255,133,2026-02-03 00:26:16.038987,9.99,card,success
256,133,2026-03-05 00:26:16.038987,9.99,card,refunded
257,133,2026-04-04 00:26:16.038987,9.99,card,success
258,133,2026-05-04 00:26:16.038987,9.99,paypal,success
259,133,2026-06-03 00:26:16.038987,9.99,card,refunded
260,134,2026-02-21 00:26:16.038988,9.99,card,success
261,134,2026-03-23 00:26:16.038988,9.99,paypal,success
262,134,2026-04-22 00:26:16.038988,9.99,paypal,failed
263,134,2026-05-22 00:26:16.038988,9.99,paypal,success
264,134,2026-06-21 00:26:16.038988,9.99,paypal,success
265,134,2026-07-21 00:26:16.038988,9.99,card,success
266,135,2026-02-09 00:26:16.038989,0.0,paypal,success
267,135,2026-03-11 00:26:16.038989,0.0,paypal,success
268,135,2026-04-10 00:26:16.038989,0.0,paypal,success
269,135,2026-05-10 00:26:16.038989,0.0,paypal,refunded
270,135,2026-06-09 00:26:16.038989,0.0,paypal,failed
271,135,2026-07-09 00:26:16.038989,0.0,paypal,success
272,136,2025-06-12 00:26:16.038990,0.0,paypal,success
273,136,2025-07-12 00:26:16.038990,0.0,card,success
274,136,2025-08-11 00:26:16.038990,0.0,paypal,success
275,136,2025-09-10 00:26:16.038990,0.0,paypal,success
276,136,2025-10-10 00:26:16.038990,0.0,card,success
277,137,2025-07-22 00:26:16.038991,0.0,paypal,success
278,137,2025-08-21 00:26:16.038991,0.0,card,success
279,137,2025-09-20 00:26:16.038991,0.0,card,success
280,140,2026-04-11 00:26:16.038994,0.0,paypal,success
281,140,2026-05-11 00:26:16.038994,0.0,paypal,success
282,140,2026-06-10 00:26:16.038994,0.0,paypal,success
283,140,2026-07-10 00:26:16.038994,0.0,card,success
284,140,2026-08-09 00:26:16.038994,0.0,card,success
285,140,2026-09-08 00:26:16.038994,0.0,paypal,failed
286,141,2025-12-02 00:26:16.038995,0.0,card,success
287,141,2026-01-01 00:26:16.038995,0.0,card,success
288,141,2026-01-31 00:26:16.038995,0.0,card,success
289,141,2026-03-02 00:26:16.038995,0.0,paypal,success
290,141,2026-04-01 00:26:16.038995,0.0,card,success
291,145,2025-09-22 00:26:16.038999,0.0,paypal,success
292,145,2025-10-22 00:26:16.038999,0.0,paypal,success
293,145,2025-11-21 00:26:16.038999,0.0,card,success
294,147,2026-02-17 00:26:16.039001,0.0,card,success
295,148,2025-10-11 00:26:16.039002,9.99,card,success
296,148,2025-11-10 00:26:16.039002,9.99,paypal,success
297,148,2025-12-10 00:26:16.039002,9.99,card,success
298,148,2026-01-09 00:26:16.039002,9.99,paypal,success
299,148,2026-02-08 00:26:16.039002,9.99,paypal,success
300,148,2026-03-10 00:26:16.039002,9.99,card,success
301,153,2025-08-27 00:26:16.039008,9.99,card,failed
302,153,2025-09-26 00:26:16.039008,9.99,paypal,success
303,156,2025-08-02 00:26:16.039011,9.99,card,success
304,156,2025-09-01 00:26:16.039011,9.99,card,refunded
305,156,2025-10-01 00:26:16.039011,9.99,paypal,success
306,158,2025-09-17 00:26:16.039013,9.99,card,success
307,158,2025-10-17 00:26:16.039013,9.99,paypal,success
308,158,2025-11-16 00:26:16.039013,9.99,paypal,success
309,158,2025-12-16 00:26:16.039013,9.99,paypal,success
310,164,2025-11-10 00:26:16.039019,0.0,paypal,success
311,164,2025-12-10 00:26:16.039019,0.0,paypal,success
312,164,2026-01-09 00:26:16.039019,0.0,card,success
313,164,2026-02-08 00:26:16.039019,0.0,card,refunded
314,164,2026-03-10 00:26:16.039019,0.0,card,success
315,165,2026-03-14 00:26:16.039020,9.99,card,success
316,165,2026-04-13 00:26:16.039020,9.99,paypal,success
317,169,2025-11-18 00:26:16.039023,0.0,paypal,success
318,169,2025-12-18 00:26:16.039023,0.0,paypal,success
319,169,2026-01-17 00:26:16.039023,0.0,card,success
320,169,2026-02-16 00:26:16.039023,0.0,paypal,success
321,174,2025-06-19 00:26:16.039028,0.0,paypal,success
322,174,2025-07-19 00:26:16.039028,0.0,paypal,success
323,174,2025-08-18 00:26:16.039028,0.0,paypal,success
324,174,2025-09-17 00:26:16.039028,0.0,card,success
325,176,2025-07-05 00:26:16.039030,0.0,card,success
326,176,2025-08-04 00:26:16.039030,0.0,card,success
327,176,2025-09-03 00:26:16.039030,0.0,paypal,success
328,176,2025-10-03 00:26:16.039030,0.0,card,success
329,179,2025-08-16 00:26:16.039034,0.0,card,success
330,179,2025-09-15 00:26:16.039034,0.0,paypal,success
331,179,2025-10-15 00:26:16.039034,0.0,card,success
332,179,2025-11-14 00:26:16.039034,0.0,paypal,success
333,181,2025-11-14 00:26:16.039036,9.99,card,success
334,181,2025-12-14 00:26:16.039036,9.99,paypal,success
335,181,2026-01-13 00:26:16.039036,9.99,card,success
336,181,2026-02-12 00:26:16.039036,9.99,card,success
337,181,2026-03-14 00:26:16.039036,9.99,card,failed
338,181,2026-04-13 00:26:16.039036,9.99,card,success
339,183,2025-11-10 00:26:16.039037,9.99,card,success
340,183,2025-12-10 00:26:16.039037,9.99,paypal,refunded
341,183,2026-01-09 00:26:16.039037,9.99,paypal,success
342,183,2026-02-08 00:26:16.039037,9.99,paypal,success
343,187,2025-05-21 00:26:16.039041,14.99,card,success
344,188,2025-06-22 00:26:16.039042,0.0,card,success
345,188,2025-07-22 00:26:16.039042,0.0,card,success
346,188,2025-08-21 00:26:16.039042,0.0,card,failed
347,188,2025-09-20 00:26:16.039042,0.0,paypal,success
348,188,2025-10-20 00:26:16.039042,0.0,paypal,failed
349,188,2025-11-19 00:26:16.039042,0.0,paypal,success
350,189,2026-01-30 00:26:16.039044,14.99,paypal,success
351,189,2026-03-01 00:26:16.039044,14.99,paypal,refunded
352,193,2025-08-28 00:26:16.039047,9.99,card,failed
353,193,2025-09-27 00:26:16.039047,9.99,paypal,success
354,193,2025-10-27 00:26:16.039047,9.99,paypal,success
355,193,2025-11-26 00:26:16.039047,9.99,card,success
356,193,2025-12-26 00:26:16.039047,9.99,paypal,success
357,193,2026-01-25 00:26:16.039047,9.99,paypal,failed
358,195,2025-09-29 00:26:16.039049,9.99,card,success
359,195,2025-10-29 00:26:16.039049,9.99,card,success
360,195,2025-11-28 00:26:16.039049,9.99,card,refunded
361,195,2025-12-28 00:26:16.039049,9.99,paypal,success
362,195,2026-01-27 00:26:16.039049,9.99,paypal,success
363,199,2026-03-05 00:26:16.039053,0.0,card,success
364,199,2026-04-04 00:26:16.039053,0.0,paypal,success
365,199,2026-05-04 00:26:16.039053,0.0,card,failed
366,199,2026-06-03 00:26:16.039053,0.0,paypal,success
367,199,2026-07-03 00:26:16.039053,0.0,paypal,success
368,200,2026-02-09 00:26:16.039054,0.0,paypal,success
369,200,2026-03-11 00:26:16.039054,0.0,card,success
370,200,2026-04-10 00:26:16.039054,0.0,card,success
371,200,2026-05-10 00:26:16.039054,0.0,card,success
372,201,2026-01-24 00:26:16.039055,14.99,card,failed
373,201,2026-02-23 00:26:16.039055,14.99,card,success
374,201,2026-03-25 00:26:16.039055,14.99,paypal,success
375,201,2026-04-24 00:26:16.039055,14.99,card,success
376,201,2026-05-24 00:26:16.039055,14.99,card,refunded
377,201,2026-06-23 00:26:16.039055,14.99,card,failed
378,204,2026-01-15 00:26:16.039058,0.0,paypal,success
379,204,2026-02-14 00:26:16.039058,0.0,card,success
380,204,2026-03-16 00:26:16.039058,0.0,paypal,success
381,204,2026-04-15 00:26:16.039058,0.0,paypal,success
382,211,2025-05-29 00:26:16.039065,0.0,paypal,success
383,211,2025-06-28 00:26:16.039065,0.0,card,success
384,211,2025-07-28 00:26:16.039065,0.0,paypal,success
385,211,2025-08-27 00:26:16.039065,0.0,card,success
386,211,2025-09-26 00:26:16.039065,0.0,paypal,success
387,211,2025-10-26 00:26:16.039065,0.0,paypal,success
388,213,2025-10-23 00:26:16.039067,0.0,paypal,failed
389,213,2025-11-22 00:26:16.039067,0.0,card,success
390,213,2025-12-22 00:26:16.039067,0.0,paypal,success
391,214,2025-12-15 00:26:16.039068,0.0,card,success
392,214,2026-01-14 00:26:16.039068,0.0,card,failed
393,214,2026-02-13 00:26:16.039068,0.0,card,refunded
394,214,2026-03-15 00:26:16.039068,0.0,card,success
395,214,2026-04-14 00:26:16.039068,0.0,paypal,success
396,217,2025-11-18 00:26:16.039071,0.0,card,success
397,218,2025-05-09 00:26:16.039072,0.0,card,success
398,221,2025-08-11 00:26:16.039075,14.99,paypal,success
399,221,2025-09-10 00:26:16.039075,14.99,card,success
400,221,2025-10-10 00:26:16.039075,14.99,paypal,success
401,221,2025-11-09 00:26:16.039075,14.99,card,success
402,221,2025-12-09 00:26:16.039075,14.99,paypal,failed
403,222,2026-03-16 00:26:16.039076,0.0,paypal,success
404,222,2026-04-15 00:26:16.039076,0.0,paypal,success
405,224,2026-04-07 00:26:16.039078,0.0,paypal,success
406,224,2026-05-07 00:26:16.039078,0.0,card,success
407,224,2026-06-06 00:26:16.039078,0.0,paypal,success
408,224,2026-07-06 00:26:16.039078,0.0,card,success
409,224,2026-08-05 00:26:16.039078,0.0,paypal,success
410,224,2026-09-04 00:26:16.039078,0.0,card,refunded
411,226,2026-04-13 00:26:16.039080,0.0,card,success
412,227,2026-03-05 00:26:16.039081,9.99,card,failed
413,227,2026-04-04 00:26:16.039081,9.99,paypal,failed
414,228,2026-01-01 00:26:16.039082,14.99,paypal,success
415,228,2026-01-31 00:26:16.039082,14.99,paypal,success
416,228,2026-03-02 00:26:16.039082,14.99,card,success
417,228,2026-04-01 00:26:16.039082,14.99,paypal,success
418,228,2026-05-01 00:26:16.039082,14.99,paypal,success
419,230,2025-08-10 00:26:16.039084,0.0,card,success
420,230,2025-09-09 00:26:16.039084,0.0,card,failed
421,232,2025-05-26 00:26:16.039086,9.99,paypal,success
422,232,2025-06-25 00:26:16.039086,9.99,paypal,success
423,232,2025-07-25 00:26:16.039086,9.99,card,success
424,232,2025-08-24 00:26:16.039086,9.99,paypal,success
425,233,2026-05-02 00:26:16.039087,9.99,card,success
426,233,2026-06-01 00:26:16.039087,9.99,paypal,success
427,234,2025-08-01 00:26:16.039088,14.99,paypal,success
428,234,2025-08-31 00:26:16.039088,14.99,paypal,success
429,234,2025-09-30 00:26:16.039088,14.99,paypal,success
430,234,2025-10-30 00:26:16.039088,14.99,paypal,success
431,234,2025-11-29 00:26:16.039088,14.99,card,success
432,236,2025-12-01 00:26:16.039090,9.99,card,success
433,236,2025-12-31 00:26:16.039090,9.99,card,success
434,236,2026-01-30 00:26:16.039090,9.99,card,success
435,236,2026-03-01 00:26:16.039090,9.99,paypal,success
436,236,2026-03-31 00:26:16.039090,9.99,card,success
437,236,2026-04-30 00:26:16.039090,9.99,card,success
438,240,2025-10-26 00:26:16.039094,0.0,card,success
439,246,2025-08-10 00:26:16.039100,0.0,card,success
440,248,2025-09-16 00:26:16.039102,9.99,card,success
441,248,2025-10-16 00:26:16.039102,9.99,paypal,success
442,248,2025-11-15 00:26:16.039102,9.99,paypal,success
443,248,2025-12-15 00:26:16.039102,9.99,paypal,success
444,250,2025-05-31 00:26:16.039104,0.0,paypal,success
445,250,2025-06-30 00:26:16.039104,0.0,card,failed
446,251,2025-08-06 00:26:16.039106,14.99,paypal,refunded
447,251,2025-09-05 00:26:16.039106,14.99,card,success
448,251,2025-10-05 00:26:16.039106,14.99,card,success
449,251,2025-11-04 00:26:16.039106,14.99,card,success
450,254,2025-11-23 00:26:16.039109,14.99,paypal,failed
451,254,2025-12-23 00:26:16.039109,14.99,card,success
452,254,2026-01-22 00:26:16.039109,14.99,paypal,success
453,254,2026-02-21 00:26:16.039109,14.99,paypal,success
454,261,2025-09-03 00:26:16.039116,9.99,card,success
455,261,2025-10-03 00:26:16.039116,9.99,card,success
456,262,2025-11-29 00:26:16.039117,14.99,paypal,success
457,262,2025-12-29 00:26:16.039117,14.99,paypal,success
458,262,2026-01-28 00:26:16.039117,14.99,card,failed
459,262,2026-02-27 00:26:16.039117,14.99,paypal,success
460,262,2026-03-29 00:26:16.039117,14.99,paypal,success
461,263,2025-08-06 00:26:16.039118,0.0,card,success
462,263,2025-09-05 00:26:16.039118,0.0,card,success
463,263,2025-10-05 00:26:16.039118,0.0,card,success
464,263,2025-11-04 00:26:16.039118,0.0,card,success
465,263,2025-12-04 00:26:16.039118,0.0,card,refunded
466,263,2026-01-03 00:26:16.039118,0.0,card,refunded
467,266,2025-08-08 00:26:16.039121,0.0,paypal,failed
468,266,2025-09-07 00:26:16.039121,0.0,card,refunded
469,267,2025-10-12 00:26:16.039122,0.0,paypal,success
470,267,2025-11-11 00:26:16.039122,0.0,paypal,success
471,267,2025-12-11 00:26:16.039122,0.0,paypal,success
472,267,2026-01-10 00:26:16.039122,0.0,paypal,success
473,269,2025-12-23 00:26:16.039124,0.0,paypal,success
474,269,2026-01-22 00:26:16.039124,0.0,paypal,success
475,269,2026-02-21 00:26:16.039124,0.0,card,success
476,272,2025-12-16 00:26:16.039127,14.99,card,success
477,272,2026-01-15 00:26:16.039127,14.99,card,success
478,272,2026-02-14 00:26:16.039127,14.99,paypal,success
479,272,2026-03-16 00:26:16.039127,14.99,card,refunded
480,272,2026-04-15 00:26:16.039127,14.99,card,success
481,275,2026-03-06 00:26:16.039130,0.0,card,success
482,275,2026-04-05 00:26:16.039130,0.0,paypal,failed
483,275,2026-05-05 00:26:16.039130,0.0,paypal,refunded
484,275,2026-06-04 00:26:16.039130,0.0,card,success
485,275,2026-07-04 00:26:16.039130,0.0,paypal,success
486,275,2026-08-03 00:26:16.039130,0.0,card,success
487,276,2025-09-08 00:26:16.039131,9.99,card,success
488,276,2025-10-08 00:26:16.039131,9.99,paypal,success
489,277,2026-03-07 00:26:16.039132,14.99,paypal,success
490,277,2026-04-06 00:26:16.039132,14.99,card,success
491,278,2025-07-06 00:26:16.039133,0.0,paypal,success
492,278,2025-08-05 00:26:16.039133,0.0,paypal,success
493,280,2025-12-10 00:26:16.039135,0.0,card,success
494,280,2026-01-09 00:26:16.039135,0.0,paypal,success
495,283,2026-04-18 00:26:16.039138,0.0,paypal,success
496,283,2026-05-18 00:26:16.039138,0.0,card,success
497,283,2026-06-17 00:26:16.039138,0.0,card,success
498,283,2026-07-17 00:26:16.039138,0.0,paypal,success
499,283,2026-08-16 00:26:16.039138,0.0,paypal,success
500,284,2026-03-07 00:26:16.039139,14.99,card,success
501,284,2026-04-06 00:26:16.039139,14.99,paypal,success
502,284,2026-05-06 00:26:16.039139,14.99,card,success
503,284,2026-06-05 00:26:16.039139,14.99,card,success
504,285,2026-03-22 00:26:16.039140,9.99,paypal,success
505,285,2026-04-21 00:26:16.039140,9.99,paypal,success
506,285,2026-05-21 00:26:16.039140,9.99,paypal,success
507,285,2026-06-20 00:26:16.039140,9.99,card,success
508,289,2025-08-19 00:26:16.039144,0.0,paypal,success
509,289,2025-09-18 00:26:16.039144,0.0,paypal,success
510,290,2025-10-20 00:26:16.039145,9.99,paypal,success
511,290,2025-11-19 00:26:16.039145,9.99,card,success
512,291,2026-01-14 00:26:16.039146,14.99,card,success
513,291,2026-02-13 00:26:16.039146,14.99,paypal,success
514,291,2026-03-15 00:26:16.039146,14.99,paypal,success
515,291,2026-04-14 00:26:16.039146,14.99,card,failed
516,292,2025-06-15 00:26:16.039146,9.99,card,success
517,292,2025-07-15 00:26:16.039146,9.99,paypal,failed
518,292,2025-08-14 00:26:16.039146,9.99,paypal,success
519,292,2025-09-13 00:26:16.039146,9.99,paypal,failed
520,292,2025-10-13 00:26:16.039146,9.99,card,success
521,292,2025-11-12 00:26:16.039146,9.99,card,success
522,294,2026-04-24 00:26:16.039149,0.0,paypal,success
523,294,2026-05-24 00:26:16.039149,0.0,card,success
524,294,2026-06-23 00:26:16.039149,0.0,paypal,success
525,294,2026-07-23 00:26:16.039149,0.0,card,failed
526,301,2025-09-03 00:26:16.039155,9.99,paypal,success
527,302,2026-05-02 00:26:16.039156,0.0,card,success
528,302,2026-06-01 00:26:16.039156,0.0,card,success
529,310,2025-07-24 00:26:16.039165,9.99,paypal,success
530,310,2025-08-23 00:26:16.039165,9.99,paypal,success
531,310,2025-09-22 00:26:16.039165,9.99,paypal,success
532,310,2025-10-22 00:26:16.039165,9.99,card,success
533,310,2025-11-21 00:26:16.039165,9.99,paypal,success
534,311,2025-11-19 00:26:16.039166,9.99,card,success
535,311,2025-12-19 00:26:16.039166,9.99,card,success
536,312,2026-04-01 00:26:16.039167,0.0,paypal,success
537,312,2026-05-01 00:26:16.039167,0.0,paypal,failed
538,314,2026-03-03 00:26:16.039169,0.0,paypal,refunded
539,314,2026-04-02 00:26:16.039169,0.0,paypal,success
540,314,2026-05-02 00:26:16.039169,0.0,paypal,success
541,314,2026-06-01 00:26:16.039169,0.0,card,success
542,314,2026-07-01 00:26:16.039169,0.0,paypal,success
543,316,2025-10-17 00:26:16.039171,0.0,paypal,success
544,316,2025-11-16 00:26:16.039171,0.0,card,success
545,316,2025-12-16 00:26:16.039171,0.0,paypal,failed
546,316,2026-01-15 00:26:16.039171,0.0,paypal,success
547,317,2025-10-14 00:26:16.039172,9.99,paypal,success
548,317,2025-11-13 00:26:16.039172,9.99,paypal,success
549,317,2025-12-13 00:26:16.039172,9.99,card,success
550,317,2026-01-12 00:26:16.039172,9.99,card,success
551,317,2026-02-11 00:26:16.039172,9.99,card,success
552,318,2025-10-24 00:26:16.039173,0.0,card,success
553,318,2025-11-23 00:26:16.039173,0.0,paypal,success
554,318,2025-12-23 00:26:16.039173,0.0,paypal,success
555,318,2026-01-22 00:26:16.039173,0.0,card,success
556,318,2026-02-21 00:26:16.039173,0.0,card,success
557,319,2025-06-10 00:26:16.039174,14.99,paypal,success
558,319,2025-07-10 00:26:16.039174,14.99,paypal,success
559,319,2025-08-09 00:26:16.039174,14.99,card,success
560,319,2025-09-08 00:26:16.039174,14.99,card,success
561,319,2025-10-08 00:26:16.039174,14.99,paypal,success
562,319,2025-11-07 00:26:16.039174,14.99,card,success
563,320,2025-11-30 00:26:16.039175,0.0,card,success
564,320,2025-12-30 00:26:16.039175,0.0,paypal,success
565,320,2026-01-29 00:26:16.039175,0.0,card,success
566,321,2025-05-10 00:26:16.039176,9.99,card,success
567,323,2025-10-31 00:26:16.039178,0.0,paypal,success
568,323,2025-11-30 00:26:16.039178,0.0,card,success
569,323,2025-12-30 00:26:16.039178,0.0,paypal,success
570,324,2026-03-30 00:26:16.039179,9.99,card,success
571,324,2026-04-29 00:26:16.039179,9.99,card,failed
572,324,2026-05-29 00:26:16.039179,9.99,card,success
573,325,2025-06-06 00:26:16.039180,9.99,paypal,success
574,325,2025-07-06 00:26:16.039180,9.99,paypal,success
575,325,2025-08-05 00:26:16.039180,9.99,paypal,success
576,325,2025-09-04 00:26:16.039180,9.99,paypal,failed
577,325,2025-10-04 00:26:16.039180,9.99,card,success
578,325,2025-11-03 00:26:16.039180,9.99,paypal,success
579,328,2025-05-04 00:26:16.039183,9.99,card,success
580,328,2025-06-03 00:26:16.039183,9.99,card,success
581,328,2025-07-03 00:26:16.039183,9.99,paypal,success
582,328,2025-08-02 00:26:16.039183,9.99,paypal,success
583,328,2025-09-01 00:26:16.039183,9.99,paypal,success
584,328,2025-10-01 00:26:16.039183,9.99,card,success
585,331,2025-11-11 00:26:16.039186,14.99,card,success
586,331,2025-12-11 00:26:16.039186,14.99,paypal,success
587,331,2026-01-10 00:26:16.039186,14.99,card,failed
588,331,2026-02-09 00:26:16.039186,14.99,card,success
589,331,2026-03-11 00:26:16.039186,14.99,card,success
590,331,2026-04-10 00:26:16.039186,14.99,card,success
591,332,2025-10-31 00:26:16.039187,0.0,card,success
592,332,2025-11-30 00:26:16.039187,0.0,card,success
593,332,2025-12-30 00:26:16.039187,0.0,paypal,refunded
594,332,2026-01-29 00:26:16.039187,0.0,paypal,failed
595,332,2026-02-28 00:26:16.039187,0.0,card,success
596,334,2025-06-25 00:26:16.039189,0.0,paypal,success
597,334,2025-07-25 00:26:16.039189,0.0,card,success
598,334,2025-08-24 00:26:16.039189,0.0,card,success
599,334,2025-09-23 00:26:16.039189,0.0,paypal,refunded
600,336,2026-03-03 00:26:16.039191,0.0,card,success
601,336,2026-04-02 00:26:16.039191,0.0,card,success
602,336,2026-05-02 00:26:16.039191,0.0,card,success
603,337,2025-05-22 00:26:16.039192,0.0,card,success
604,339,2026-01-20 00:26:16.039195,0.0,card,success
605,339,2026-02-19 00:26:16.039195,0.0,card,success
606,339,2026-03-21 00:26:16.039195,0.0,card,success
607,339,2026-04-20 00:26:16.039195,0.0,card,success
608,339,2026-05-20 00:26:16.039195,0.0,paypal,success
609,340,2025-12-13 00:26:16.039196,9.99,card,success
610,340,2026-01-12 00:26:16.039196,9.99,card,success
611,340,2026-02-11 00:26:16.039196,9.99,paypal,success
612,350,2025-07-27 00:26:16.039206,0.0,card,success
613,350,2025-08-26 00:26:16.039206,0.0,card,success
614,350,2025-09-25 00:26:16.039206,0.0,paypal,success
615,350,2025-10-25 00:26:16.039206,0.0,card,success
616,350,2025-11-24 00:26:16.039206,0.0,paypal,success
617,350,2025-12-24 00:26:16.039206,0.0,card,refunded
618,354,2025-08-08 00:26:16.039210,9.99,card,success
619,354,2025-09-07 00:26:16.039210,9.99,paypal,success
620,354,2025-10-07 00:26:16.039210,9.99,card,success
621,354,2025-11-06 00:26:16.039210,9.99,paypal,failed
622,354,2025-12-06 00:26:16.039210,9.99,card,success
623,355,2026-03-17 00:26:16.039211,0.0,paypal,success
624,355,2026-04-16 00:26:16.039211,0.0,paypal,success
625,360,2025-12-14 00:26:16.039216,9.99,card,success
626,360,2026-01-13 00:26:16.039216,9.99,card,failed
627,360,2026-02-12 00:26:16.039216,9.99,paypal,success
628,360,2026-03-14 00:26:16.039216,9.99,paypal,success
629,361,2026-02-01 00:26:16.039217,0.0,card,success
630,361,2026-03-03 00:26:16.039217,0.0,card,success
631,361,2026-04-02 00:26:16.039217,0.0,card,success
632,361,2026-05-02 00:26:16.039217,0.0,paypal,success
633,363,2026-02-13 00:26:16.039219,0.0,paypal,success
634,363,2026-03-15 00:26:16.039219,0.0,paypal,success
635,363,2026-04-14 00:26:16.039219,0.0,paypal,refunded
636,363,2026-05-14 00:26:16.039219,0.0,card,refunded
637,363,2026-06-13 00:26:16.039219,0.0,card,success
638,363,2026-07-13 00:26:16.039219,0.0,card,success
639,364,2025-05-07 00:26:16.039220,0.0,card,success
640,364,2025-06-06 00:26:16.039220,0.0,paypal,success
641,364,2025-07-06 00:26:16.039220,0.0,card,failed
642,368,2025-05-19 00:26:16.039224,0.0,card,success
643,368,2025-06-18 00:26:16.039224,0.0,card,success
644,368,2025-07-18 00:26:16.039224,0.0,paypal,success
645,368,2025-08-17 00:26:16.039224,0.0,card,success
646,368,2025-09-16 00:26:16.039224,0.0,paypal,success
647,368,2025-10-16 00:26:16.039224,0.0,card,success
648,370,2025-05-10 00:26:16.039226,0.0,paypal,success
649,370,2025-06-09 00:26:16.039226,0.0,paypal,success
650,370,2025-07-09 00:26:16.039226,0.0,card,success
651,370,2025-08-08 00:26:16.039226,0.0,card,success
652,370,2025-09-07 00:26:16.039226,0.0,card,failed
653,370,2025-10-07 00:26:16.039226,0.0,paypal,success
654,371,2026-04-15 00:26:16.039227,0.0,paypal,failed
655,371,2026-05-15 00:26:16.039227,0.0,card,success
656,371,2026-06-14 00:26:16.039227,0.0,paypal,refunded
657,373,2026-04-27 00:26:16.039229,0.0,card,success
658,373,2026-05-27 00:26:16.039229,0.0,card,success
659,373,2026-06-26 00:26:16.039229,0.0,card,failed
660,373,2026-07-26 00:26:16.039229,0.0,card,failed
661,373,2026-08-25 00:26:16.039229,0.0,card,success
662,373,2026-09-24 00:26:16.039229,0.0,card,success
663,374,2026-02-14 00:26:16.039230,9.99,card,failed
664,374,2026-03-16 00:26:16.039230,9.99,paypal,success
665,374,2026-04-15 00:26:16.039230,9.99,card,success
666,374,2026-05-15 00:26:16.039230,9.99,card,success
667,376,2025-10-01 00:26:16.039232,9.99,paypal,success
668,376,2025-10-31 00:26:16.039232,9.99,card,success
669,376,2025-11-30 00:26:16.039232,9.99,paypal,success
670,376,2025-12-30 00:26:16.039232,9.99,card,failed
671,376,2026-01-29 00:26:16.039232,9.99,paypal,success
672,378,2026-02-12 00:26:16.039234,9.99,paypal,success
673,378,2026-03-14 00:26:16.039234,9.99,paypal,success
674,378,2026-04-13 00:26:16.039234,9.99,paypal,success
675,381,2025-10-14 00:26:16.039237,9.99,card,failed
676,381,2025-11-13 00:26:16.039237,9.99,paypal,failed
677,381,2025-12-13 00:26:16.039237,9.99,paypal,success
678,383,2026-02-21 00:26:16.039239,14.99,card,success
679,384,2025-08-23 00:26:16.039240,9.99,card,success
680,385,2025-08-05 00:26:16.039241,0.0,card,success
681,385,2025-09-04 00:26:16.039241,0.0,paypal,success
682,385,2025-10-04 00:26:16.039241,0.0,paypal,success
683,385,2025-11-03 00:26:16.039241,0.0,paypal,success
684,385,2025-12-03 00:26:16.039241,0.0,paypal,failed
685,385,2026-01-02 00:26:16.039241,0.0,card,success
686,386,2025-09-03 00:26:16.039242,0.0,paypal,success
687,387,2026-04-16 00:26:16.039243,9.99,card,success
688,387,2026-05-16 00:26:16.039243,9.99,paypal,success
689,387,2026-06-15 00:26:16.039243,9.99,card,success
690,387,2026-07-15 00:26:16.039243,9.99,paypal,success
691,388,2026-01-08 00:26:16.039244,9.99,paypal,success
692,389,2025-10-31 00:26:16.039245,9.99,paypal,success
693,391,2026-04-28 00:26:16.039247,9.99,paypal,success
694,391,2026-05-28 00:26:16.039247,9.99,paypal,success
695,391,2026-06-27 00:26:16.039247,9.99,paypal,success
696,392,2025-11-06 00:26:16.039248,9.99,paypal,success
697,392,2025-12-06 00:26:16.039248,9.99,card,success
698,392,2026-01-05 00:26:16.039248,9.99,card,success
699,392,2026-02-04 00:26:16.039248,9.99,card,success
700,392,2026-03-06 00:26:16.039248,9.99,card,success
701,392,2026-04-05 00:26:16.039248,9.99,paypal,success
702,396,2025-05-12 00:26:16.039252,0.0,paypal,success
703,396,2025-06-11 00:26:16.039252,0.0,paypal,success
704,396,2025-07-11 00:26:16.039252,0.0,card,success
705,396,2025-08-10 00:26:16.039252,0.0,card,success
706,396,2025-09-09 00:26:16.039252,0.0,paypal,success
707,396,2025-10-09 00:26:16.039252,0.0,card,success
708,397,2025-06-12 00:26:16.039253,9.99,paypal,success
709,397,2025-07-12 00:26:16.039253,9.99,card,success
710,398,2026-03-17 00:26:16.039254,9.99,paypal,success
711,398,2026-04-16 00:26:16.039254,9.99,paypal,failed
712,398,2026-05-16 00:26:16.039254,9.99,paypal,success
713,400,2025-09-22 00:26:16.039256,9.99,card,success
714,401,2026-01-07 00:26:16.039257,14.99,card,success
715,401,2026-02-06 00:26:16.039257,14.99,paypal,success
716,402,2025-07-20 00:26:16.039258,0.0,card,failed
717,402,2025-08-19 00:26:16.039258,0.0,card,success
718,402,2025-09-18 00:26:16.039258,0.0,card,success
719,402,2025-10-18 00:26:16.039258,0.0,card,success
720,403,2026-04-19 00:26:16.039259,0.0,card,success
721,404,2025-10-24 00:26:16.039260,9.99,card,success
722,404,2025-11-23 00:26:16.039260,9.99,paypal,failed
723,404,2025-12-23 00:26:16.039260,9.99,card,success
724,404,2026-01-22 00:26:16.039260,9.99,paypal,failed
725,407,2025-05-04 00:26:16.039263,9.99,paypal,success
726,407,2025-06-03 00:26:16.039263,9.99,paypal,success
727,407,2025-07-03 00:26:16.039263,9.99,paypal,success
728,407,2025-08-02 00:26:16.039263,9.99,card,success
729,407,2025-09-01 00:26:16.039263,9.99,card,success
730,409,2025-12-16 00:26:16.039265,9.99,paypal,success
731,409,2026-01-15 00:26:16.039265,9.99,paypal,success
732,409,2026-02-14 00:26:16.039265,9.99,card,success
733,409,2026-03-16 00:26:16.039265,9.99,paypal,success
734,409,2026-04-15 00:26:16.039265,9.99,card,success
735,409,2026-05-15 00:26:16.039265,9.99,card,refunded
736,410,2026-03-18 00:26:16.039266,9.99,paypal,failed
737,410,2026-04-17 00:26:16.039266,9.99,paypal,success
738,410,2026-05-17 00:26:16.039266,9.99,paypal,success
739,410,2026-06-16 00:26:16.039266,9.99,paypal,success
740,412,2025-05-16 00:26:16.039271,0.0,paypal,success
741,412,2025-06-15 00:26:16.039271,0.0,paypal,refunded
742,412,2025-07-15 00:26:16.039271,0.0,card,failed
743,412,2025-08-14 00:26:16.039271,0.0,card,failed
744,414,2025-10-23 00:26:16.039273,0.0,paypal,failed
745,414,2025-11-22 00:26:16.039273,0.0,paypal,success
746,414,2025-12-22 00:26:16.039273,0.0,paypal,refunded
747,414,2026-01-21 00:26:16.039273,0.0,card,success
748,414,2026-02-20 00:26:16.039273,0.0,card,success
749,416,2025-10-23 00:26:16.039275,9.99,paypal,success
750,416,2025-11-22 00:26:16.039275,9.99,card,success
751,416,2025-12-22 00:26:16.039275,9.99,paypal,success
752,416,2026-01-21 00:26:16.039275,9.99,paypal,success
753,416,2026-02-20 00:26:16.039275,9.99,card,success
754,417,2025-08-21 00:26:16.039276,9.99,paypal,success
755,417,2025-09-20 00:26:16.039276,9.99,card,success
756,417,2025-10-20 00:26:16.039276,9.99,card,success
757,417,2025-11-19 00:26:16.039276,9.99,paypal,success
758,417,2025-12-19 00:26:16.039276,9.99,paypal,success
759,417,2026-01-18 00:26:16.039276,9.99,paypal,success
760,419,2025-10-05 00:26:16.039278,9.99,paypal,success
761,419,2025-11-04 00:26:16.039278,9.99,paypal,failed
762,419,2025-12-04 00:26:16.039278,9.99,paypal,success
763,419,2026-01-03 00:26:16.039278,9.99,paypal,success
764,419,2026-02-02 00:26:16.039278,9.99,paypal,success
765,420,2025-06-17 00:26:16.039279,9.99,paypal,refunded
766,420,2025-07-17 00:26:16.039279,9.99,card,success
767,421,2025-06-05 00:26:16.039280,14.99,paypal,success
768,421,2025-07-05 00:26:16.039280,14.99,card,success
769,421,2025-08-04 00:26:16.039280,14.99,paypal,failed
770,421,2025-09-03 00:26:16.039280,14.99,card,failed
771,424,2026-04-17 00:26:16.039283,0.0,card,success
772,424,2026-05-17 00:26:16.039283,0.0,card,failed
773,424,2026-06-16 00:26:16.039283,0.0,card,success
774,424,2026-07-16 00:26:16.039283,0.0,card,success
775,424,2026-08-15 00:26:16.039283,0.0,paypal,success
776,426,2026-04-05 00:26:16.039285,0.0,card,success
777,426,2026-05-05 00:26:16.039285,0.0,paypal,success
778,426,2026-06-04 00:26:16.039285,0.0,paypal,success
779,427,2026-04-06 00:26:16.039286,0.0,card,success
780,427,2026-05-06 00:26:16.039286,0.0,card,success
781,427,2026-06-05 00:26:16.039286,0.0,paypal,success
782,427,2026-07-05 00:26:16.039286,0.0,paypal,success
783,427,2026-08-04 00:26:16.039286,0.0,card,success
784,431,2025-11-20 00:26:16.039290,0.0,card,success
785,433,2025-07-20 00:26:16.039292,0.0,paypal,success
786,439,2025-06-03 00:26:16.039298,0.0,paypal,success
787,439,2025-07-03 00:26:16.039298,0.0,card,success
788,441,2026-03-08 00:26:16.039300,0.0,card,success
789,441,2026-04-07 00:26:16.039300,0.0,card,success
790,441,2026-05-07 00:26:16.039300,0.0,card,success
791,443,2025-05-18 00:26:16.039302,0.0,card,success
792,443,2025-06-17 00:26:16.039302,0.0,card,success
793,443,2025-07-17 00:26:16.039302,0.0,card,success
794,443,2025-08-16 00:26:16.039302,0.0,card,success
795,443,2025-09-15 00:26:16.039302,0.0,card,success
796,444,2025-07-09 00:26:16.039303,9.99,card,success
797,445,2026-01-16 00:26:16.039304,0.0,card,success
798,446,2025-06-11 00:26:16.039305,9.99,paypal,success
799,446,2025-07-11 00:26:16.039305,9.99,card,success
800,446,2025-08-10 00:26:16.039305,9.99,card,success
801,446,2025-09-09 00:26:16.039305,9.99,paypal,success
802,447,2025-09-23 00:26:16.039306,0.0,card,success
803,447,2025-10-23 00:26:16.039306,0.0,card,success
804,448,2026-04-16 00:26:16.039307,14.99,paypal,success
805,448,2026-05-16 00:26:16.039307,14.99,card,failed
806,450,2025-05-12 00:26:16.039309,9.99,paypal,success
807,450,2025-06-11 00:26:16.039309,9.99,paypal,success
808,450,2025-07-11 00:26:16.039309,9.99,card,success
809,451,2025-07-11 00:26:16.039310,14.99,paypal,refunded
810,451,2025-08-10 00:26:16.039310,14.99,paypal,refunded
811,451,2025-09-09 00:26:16.039310,14.99,paypal,success
812,451,2025-10-09 00:26:16.039310,14.99,paypal,success
813,451,2025-11-08 00:26:16.039310,14.99,paypal,failed
814,451,2025-12-08 00:26:16.039310,14.99,card,success
815,452,2025-09-11 00:26:16.039311,0.0,paypal,success
816,452,2025-10-11 00:26:16.039311,0.0,paypal,success
817,452,2025-11-10 00:26:16.039311,0.0,card,success
818,453,2026-02-28 00:26:16.039312,0.0,paypal,success
819,453,2026-03-30 00:26:16.039312,0.0,card,success
820,453,2026-04-29 00:26:16.039312,0.0,paypal,refunded
821,453,2026-05-29 00:26:16.039312,0.0,card,success
822,453,2026-06-28 00:26:16.039312,0.0,card,success
823,455,2026-04-29 00:26:16.039314,0.0,card,refunded
824,456,2026-01-22 00:26:16.039315,0.0,card,success
825,456,2026-02-21 00:26:16.039315,0.0,card,success
826,456,2026-03-23 00:26:16.039315,0.0,card,success
827,457,2025-09-08 00:26:16.039317,0.0,card,success
828,458,2025-11-06 00:26:16.039318,9.99,paypal,success
829,458,2025-12-06 00:26:16.039318,9.99,paypal,success
830,458,2026-01-05 00:26:16.039318,9.99,card,success
831,464,2025-05-23 00:26:16.039324,9.99,paypal,success
832,464,2025-06-22 00:26:16.039324,9.99,paypal,success
833,464,2025-07-22 00:26:16.039324,9.99,card,success
834,464,2025-08-21 00:26:16.039324,9.99,card,success
835,466,2025-07-25 00:26:16.039326,9.99,card,success
836,469,2025-06-06 00:26:16.039329,9.99,paypal,success
837,469,2025-07-06 00:26:16.039329,9.99,paypal,success
838,469,2025-08-05 00:26:16.039329,9.99,paypal,success
839,469,2025-09-04 00:26:16.039329,9.99,paypal,success
840,469,2025-10-04 00:26:16.039329,9.99,card,success
841,470,2025-06-06 00:26:16.039330,0.0,card,success
842,470,2025-07-06 00:26:16.039330,0.0,card,success
843,470,2025-08-05 00:26:16.039330,0.0,paypal,success
844,470,2025-09-04 00:26:16.039330,0.0,card,success
845,472,2026-01-21 00:26:16.039332,9.99,card,refunded
846,473,2025-10-27 00:26:16.039333,0.0,paypal,success
847,473,2025-11-26 00:26:16.039333,0.0,paypal,success
848,474,2025-09-19 00:26:16.039334,0.0,paypal,success
849,474,2025-10-19 00:26:16.039334,0.0,card,success
850,474,2025-11-18 00:26:16.039334,0.0,card,success
851,474,2025-12-18 00:26:16.039334,0.0,paypal,success
852,474,2026-01-17 00:26:16.039334,0.0,paypal,success
853,475,2025-05-15 00:26:16.039335,0.0,paypal,success
854,475,2025-06-14 00:26:16.039335,0.0,card,success
855,475,2025-07-14 00:26:16.039335,0.0,card,success
856,476,2025-06-12 00:26:16.039336,0.0,card,failed
857,476,2025-07-12 00:26:16.039336,0.0,paypal,success
858,476,2025-08-11 00:26:16.039336,0.0,paypal,success
859,479,2025-07-10 00:26:16.039340,9.99,card,success
860,479,2025-08-09 00:26:16.039340,9.99,paypal,success
861,479,2025-09-08 00:26:16.039340,9.99,paypal,success
862,479,2025-10-08 00:26:16.039340,9.99,paypal,refunded
863,479,2025-11-07 00:26:16.039340,9.99,card,success
864,479,2025-12-07 00:26:16.039340,9.99,card,success
865,480,2025-05-15 00:26:16.039341,14.99,card,success
866,480,2025-06-14 00:26:16.039341,14.99,card,success
867,480,2025-07-14 00:26:16.039341,14.99,paypal,refunded
868,480,2025-08-13 00:26:16.039341,14.99,card,success
869,480,2025-09-12 00:26:16.039341,14.99,card,success
870,481,2025-08-27 00:26:16.039342,0.0,paypal,success
871,481,2025-09-26 00:26:16.039342,0.0,card,success
872,481,2025-10-26 00:26:16.039342,0.0,card,success
873,482,2026-04-26 00:26:16.039343,0.0,paypal,success
874,482,2026-05-26 00:26:16.039343,0.0,card,success
875,482,2026-06-25 00:26:16.039343,0.0,paypal,success
876,484,2026-02-27 00:26:16.039345,0.0,card,success
877,484,2026-03-29 00:26:16.039345,0.0,card,success
878,484,2026-04-28 00:26:16.039345,0.0,paypal,success
879,484,2026-05-28 00:26:16.039345,0.0,paypal,success
880,484,2026-06-27 00:26:16.039345,0.0,paypal,failed
881,484,2026-07-27 00:26:16.039345,0.0,paypal,success
882,487,2025-07-04 00:26:16.039348,0.0,card,success
883,487,2025-08-03 00:26:16.039348,0.0,paypal,success
884,487,2025-09-02 00:26:16.039348,0.0,card,failed
885,488,2025-05-31 00:26:16.039349,9.99,paypal,success
886,488,2025-06-30 00:26:16.039349,9.99,paypal,success
887,488,2025-07-30 00:26:16.039349,9.99,paypal,success
888,488,2025-08-29 00:26:16.039349,9.99,card,success
889,488,2025-09-28 00:26:16.039349,9.99,paypal,success
890,488,2025-10-28 00:26:16.039349,9.99,paypal,success
891,490,2025-07-23 00:26:16.039351,0.0,card,refunded
892,490,2025-08-22 00:26:16.039351,0.0,card,success
893,491,2025-10-29 00:26:16.039352,9.99,card,failed
894,491,2025-11-28 00:26:16.039352,9.99,paypal,success
895,491,2025-12-28 00:26:16.039352,9.99,card,success
896,492,2025-10-27 00:26:16.039353,9.99,paypal,success
897,492,2025-11-26 00:26:16.039353,9.99,card,success
898,492,2025-12-26 00:26:16.039353,9.99,paypal,success
899,493,2025-10-05 00:26:16.039354,0.0,paypal,success
900,493,2025-11-04 00:26:16.039354,0.0,card,failed
901,494,2025-12-17 00:26:16.039355,0.0,paypal,refunded
902,494,2026-01-16 00:26:16.039355,0.0,card,success
903,499,2025-12-23 00:26:16.039360,9.99,card,success
904,499,2026-01-22 00:26:16.039360,9.99,card,success
905,499,2026-02-21 00:26:16.039360,9.99,paypal,success
906,501,2025-05-03 00:26:16.039363,9.99,card,success
907,501,2025-06-02 00:26:16.039363,9.99,paypal,refunded
908,501,2025-07-02 00:26:16.039363,9.99,card,success
909,502,2025-05-05 00:26:16.039364,0.0,card,success
910,502,2025-06-04 00:26:16.039364,0.0,paypal,refunded
911,504,2025-09-03 00:26:16.039366,9.99,card,success
912,504,2025-10-03 00:26:16.039366,9.99,paypal,success
913,506,2025-10-05 00:26:16.039368,0.0,card,success
914,506,2025-11-04 00:26:16.039368,0.0,paypal,success
915,507,2025-09-16 00:26:16.039369,9.99,paypal,success
916,512,2025-08-01 00:26:16.039374,9.99,paypal,success
917,512,2025-08-31 00:26:16.039374,9.99,card,success
918,512,2025-09-30 00:26:16.039374,9.99,paypal,success
919,512,2025-10-30 00:26:16.039374,9.99,paypal,success
920,512,2025-11-29 00:26:16.039374,9.99,card,success
921,512,2025-12-29 00:26:16.039374,9.99,card,success
922,513,2025-07-21 00:26:16.039375,0.0,card,success
923,514,2025-09-07 00:26:16.039376,9.99,card,success
924,514,2025-10-07 00:26:16.039376,9.99,card,success
925,514,2025-11-06 00:26:16.039376,9.99,card,success
926,514,2025-12-06 00:26:16.039376,9.99,card,success
927,516,2025-09-07 00:26:16.039378,9.99,card,failed
928,516,2025-10-07 00:26:16.039378,9.99,card,success
929,517,2026-01-11 00:26:16.039379,0.0,paypal,failed
930,517,2026-02-10 00:26:16.039379,0.0,paypal,success
931,518,2026-04-27 00:26:16.039380,0.0,card,success
932,518,2026-05-27 00:26:16.039380,0.0,paypal,success
933,518,2026-06-26 00:26:16.039380,0.0,paypal,success
934,519,2025-09-09 00:26:16.039381,0.0,paypal,success
935,519,2025-10-09 00:26:16.039381,0.0,card,success
936,519,2025-11-08 00:26:16.039381,0.0,paypal,success
937,522,2025-07-31 00:26:16.039385,0.0,card,success
938,522,2025-08-30 00:26:16.039385,0.0,card,success
939,522,2025-09-29 00:26:16.039385,0.0,paypal,success
940,522,2025-10-29 00:26:16.039385,0.0,card,success
941,524,2025-07-27 00:26:16.039387,9.99,card,failed
942,524,2025-08-26 00:26:16.039387,9.99,card,success
943,525,2025-07-06 00:26:16.039388,9.99,paypal,success
944,525,2025-08-05 00:26:16.039388,9.99,paypal,success
945,525,2025-09-04 00:26:16.039388,9.99,card,success
946,526,2025-06-26 00:26:16.039389,9.99,paypal,success
947,526,2025-07-26 00:26:16.039389,9.99,card,failed
948,527,2025-05-18 00:26:16.039390,9.99,paypal,success
949,527,2025-06-17 00:26:16.039390,9.99,card,success
950,527,2025-07-17 00:26:16.039390,9.99,card,failed
951,527,2025-08-16 00:26:16.039390,9.99,card,success
952,529,2026-01-24 00:26:16.039392,9.99,paypal,failed
953,529,2026-02-23 00:26:16.039392,9.99,card,success
954,530,2025-08-10 00:26:16.039393,9.99,card,success
955,530,2025-09-09 00:26:16.039393,9.99,paypal,success
956,530,2025-10-09 00:26:16.039393,9.99,card,success
957,530,2025-11-08 00:26:16.039393,9.99,paypal,success
958,531,2025-12-09 00:26:16.039394,0.0,paypal,failed
959,531,2026-01-08 00:26:16.039394,0.0,card,success
960,531,2026-02-07 00:26:16.039394,0.0,paypal,success
961,531,2026-03-09 00:26:16.039394,0.0,paypal,success
962,535,2026-01-16 00:26:16.039398,0.0,paypal,success
963,535,2026-02-15 00:26:16.039398,0.0,card,success
964,535,2026-03-17 00:26:16.039398,0.0,paypal,success
965,536,2025-11-01 00:26:16.039399,9.99,card,success
966,536,2025-12-01 00:26:16.039399,9.99,card,success
967,537,2026-01-29 00:26:16.039400,0.0,card,success
968,537,2026-02-28 00:26:16.039400,0.0,paypal,failed
969,537,2026-03-30 00:26:16.039400,0.0,paypal,success
970,539,2025-08-24 00:26:16.039403,0.0,paypal,success
971,539,2025-09-23 00:26:16.039403,0.0,paypal,success
972,539,2025-10-23 00:26:16.039403,0.0,card,success
973,539,2025-11-22 00:26:16.039403,0.0,paypal,success
974,539,2025-12-22 00:26:16.039403,0.0,paypal,failed
975,539,2026-01-21 00:26:16.039403,0.0,paypal,success
976,540,2026-02-05 00:26:16.039403,14.99,paypal,success
977,540,2026-03-07 00:26:16.039403,14.99,paypal,success
978,540,2026-04-06 00:26:16.039403,14.99,paypal,failed
979,540,2026-05-06 00:26:16.039403,14.99,card,success
980,540,2026-06-05 00:26:16.039403,14.99,paypal,success
981,540,2026-07-05 00:26:16.039403,14.99,card,success
982,541,2025-06-04 00:26:16.039405,0.0,card,success
983,541,2025-07-04 00:26:16.039405,0.0,paypal,success
984,541,2025-08-03 00:26:16.039405,0.0,card,success
985,541,2025-09-02 00:26:16.039405,0.0,paypal,success
986,541,2025-10-02 00:26:16.039405,0.0,card,success
987,541,2025-11-01 00:26:16.039405,0.0,paypal,failed
988,544,2025-10-08 00:26:16.039408,0.0,card,failed
989,544,2025-11-07 00:26:16.039408,0.0,paypal,success
990,544,2025-12-07 00:26:16.039408,0.0,card,failed
991,544,2026-01-06 00:26:16.039408,0.0,card,refunded
992,544,2026-02-05 00:26:16.039408,0.0,paypal,failed
993,544,2026-03-07 00:26:16.039408,0.0,paypal,failed
994,545,2026-03-30 00:26:16.039409,0.0,paypal,success
995,545,2026-04-29 00:26:16.039409,0.0,card,failed
996,545,2026-05-29 00:26:16.039409,0.0,card,success
997,545,2026-06-28 00:26:16.039409,0.0,paypal,success
998,545,2026-07-28 00:26:16.039409,0.0,paypal,success
999,548,2025-11-10 00:26:16.039412,0.0,card,success
1000,548,2025-12-10 00:26:16.039412,0.0,card,refunded
1001,548,2026-01-09 00:26:16.039412,0.0,card,success
1002,548,2026-02-08 00:26:16.039412,0.0,paypal,refunded
1003,548,2026-03-10 00:26:16.039412,0.0,paypal,success
1004,548,2026-04-09 00:26:16.039412,0.0,card,success
1005,550,2025-11-28 00:26:16.039414,9.99,card,success
1006,550,2025-12-28 00:26:16.039414,9.99,paypal,refunded
1007,550,2026-01-27 00:26:16.039414,9.99,paypal,success
1008,550,2026-02-26 00:26:16.039414,9.99,card,success
1009,551,2025-06-14 00:26:16.039415,9.99,paypal,success
1010,551,2025-07-14 00:26:16.039415,9.99,paypal,failed
1011,551,2025-08-13 00:26:16.039415,9.99,card,success
1012,551,2025-09-12 00:26:16.039415,9.99,paypal,failed
1013,551,2025-10-12 00:26:16.039415,9.99,paypal,success
1014,551,2025-11-11 00:26:16.039415,9.99,paypal,success
1015,552,2025-12-12 00:26:16.039416,0.0,card,success
1016,552,2026-01-11 00:26:16.039416,0.0,card,success
1017,552,2026-02-10 00:26:16.039416,0.0,paypal,success
1018,552,2026-03-12 00:26:16.039416,0.0,paypal,success
1019,552,2026-04-11 00:26:16.039416,0.0,card,success
1020,554,2025-09-24 00:26:16.039418,9.99,paypal,success
1021,554,2025-10-24 00:26:16.039418,9.99,paypal,success
1022,554,2025-11-23 00:26:16.039418,9.99,card,failed
1023,554,2025-12-23 00:26:16.039418,9.99,paypal,success
1024,560,2025-11-02 00:26:16.039424,9.99,card,failed
1025,567,2025-10-12 00:26:16.039432,0.0,paypal,success
1026,567,2025-11-11 00:26:16.039432,0.0,card,success
1027,568,2025-11-02 00:26:16.039433,0.0,card,success
1028,570,2025-05-11 00:26:16.039435,0.0,card,success
1029,570,2025-06-10 00:26:16.039435,0.0,card,success
1030,570,2025-07-10 00:26:16.039435,0.0,paypal,success
1031,570,2025-08-09 00:26:16.039435,0.0,card,refunded
1032,570,2025-09-08 00:26:16.039435,0.0,card,failed
1033,570,2025-10-08 00:26:16.039435,0.0,card,success
1034,572,2025-07-25 00:26:16.039437,0.0,paypal,success
1035,572,2025-08-24 00:26:16.039437,0.0,card,success
1036,576,2025-09-19 00:26:16.039441,9.99,paypal,success
1037,576,2025-10-19 00:26:16.039441,9.99,card,success
1038,576,2025-11-18 00:26:16.039441,9.99,paypal,refunded
1039,576,2025-12-18 00:26:16.039441,9.99,card,failed
1040,578,2026-02-23 00:26:16.039443,14.99,paypal,success
1041,578,2026-03-25 00:26:16.039443,14.99,card,refunded
1042,578,2026-04-24 00:26:16.039443,14.99,card,success
1043,578,2026-05-24 00:26:16.039443,14.99,card,success
1044,581,2026-04-12 00:26:16.039446,9.99,card,success
1045,582,2025-07-04 00:26:16.039447,0.0,card,success
1046,582,2025-08-03 00:26:16.039447,0.0,paypal,success
1047,582,2025-09-02 00:26:16.039447,0.0,paypal,success
1048,582,2025-10-02 00:26:16.039447,0.0,card,success
1049,582,2025-11-01 00:26:16.039447,0.0,card,success
1050,583,2026-04-12 00:26:16.039448,9.99,paypal,success
1051,583,2026-05-12 00:26:16.039448,9.99,paypal,success
1052,583,2026-06-11 00:26:16.039448,9.99,paypal,success
1053,583,2026-07-11 00:26:16.039448,9.99,paypal,success
1054,584,2025-05-14 00:26:16.039449,9.99,card,failed
1055,584,2025-06-13 00:26:16.039449,9.99,card,success
1056,584,2025-07-13 00:26:16.039449,9.99,card,refunded
1057,584,2025-08-12 00:26:16.039449,9.99,card,success
1058,586,2026-02-10 00:26:16.039451,0.0,card,success
1059,587,2026-03-04 00:26:16.039452,0.0,paypal,success
1060,587,2026-04-03 00:26:16.039452,0.0,paypal,success
1061,587,2026-05-03 00:26:16.039452,0.0,paypal,success
1062,587,2026-06-02 00:26:16.039452,0.0,paypal,success
1063,587,2026-07-02 00:26:16.039452,0.0,paypal,failed
1064,588,2025-07-24 00:26:16.039453,0.0,paypal,success
1065,588,2025-08-23 00:26:16.039453,0.0,card,refunded
1066,588,2025-09-22 00:26:16.039453,0.0,paypal,refunded
1067,591,2026-02-11 00:26:16.039457,0.0,card,success
1068,591,2026-03-13 00:26:16.039457,0.0,card,success
1069,594,2025-10-31 00:26:16.039460,9.99,paypal,success
1070,594,2025-11-30 00:26:16.039460,9.99,paypal,refunded
1071,594,2025-12-30 00:26:16.039460,9.99,card,success
1072,594,2026-01-29 00:26:16.039460,9.99,card,success
1073,594,2026-02-28 00:26:16.039460,9.99,card,failed
1074,594,2026-03-30 00:26:16.039460,9.99,paypal,success
1075,596,2025-07-16 00:26:16.039462,0.0,card,success
1076,596,2025-08-15 00:26:16.039462,0.0,card,failed
1077,596,2025-09-14 00:26:16.039462,0.0,paypal,success
1078,596,2025-10-14 00:26:16.039462,0.0,paypal,success
1079,600,2025-07-30 00:26:16.039466,0.0,paypal,success
1080,600,2025-08-29 00:26:16.039466,0.0,card,success
1081,600,2025-09-28 00:26:16.039466,0.0,paypal,success
1082,600,2025-10-28 00:26:16.039466,0.0,card,success
1083,600,2025-11-27 00:26:16.039466,0.0,paypal,success
1084,602,2026-03-28 00:26:16.039468,14.99,paypal,success
1085,603,2025-09-01 00:26:16.039469,0.0,paypal,success
1086,603,2025-10-01 00:26:16.039469,0.0,card,success
1087,604,2025-09-18 00:26:16.039470,0.0,card,success
1088,604,2025-10-18 00:26:16.039470,0.0,card,failed
1089,604,2025-11-17 00:26:16.039470,0.0,card,success
1090,604,2025-12-17 00:26:16.039470,0.0,paypal,success
1091,604,2026-01-16 00:26:16.039470,0.0,card,success
1092,605,2025-07-06 00:26:16.039471,0.0,card,success
1093,605,2025-08-05 00:26:16.039471,0.0,paypal,failed
1094,605,2025-09-04 00:26:16.039471,0.0,paypal,success
1095,605,2025-10-04 00:26:16.039471,0.0,card,success
1096,605,2025-11-03 00:26:16.039471,0.0,card,success
1097,606,2026-03-22 00:26:16.039472,9.99,paypal,success
1098,606,2026-04-21 00:26:16.039472,9.99,paypal,success
1099,606,2026-05-21 00:26:16.039472,9.99,card,success
1100,606,2026-06-20 00:26:16.039472,9.99,card,success
1101,606,2026-07-20 00:26:16.039472,9.99,paypal,success
1102,608,2025-08-10 00:26:16.039474,0.0,card,success
1103,608,2025-09-09 00:26:16.039474,0.0,paypal,success
1104,608,2025-10-09 00:26:16.039474,0.0,paypal,failed
1105,608,2025-11-08 00:26:16.039474,0.0,paypal,success
1106,611,2025-10-23 00:26:16.039477,9.99,paypal,success
1107,611,2025-11-22 00:26:16.039477,9.99,paypal,success
1108,611,2025-12-22 00:26:16.039477,9.99,card,success
1109,611,2026-01-21 00:26:16.039477,9.99,card,success
1110,611,2026-02-20 00:26:16.039477,9.99,paypal,success
1111,611,2026-03-22 00:26:16.039477,9.99,card,success
1112,612,2026-01-03 00:26:16.039478,9.99,paypal,success
1113,612,2026-02-02 00:26:16.039478,9.99,paypal,failed
1114,612,2026-03-04 00:26:16.039478,9.99,card,success
1115,612,2026-04-03 00:26:16.039478,9.99,paypal,success
1116,612,2026-05-03 00:26:16.039478,9.99,card,success
1117,612,2026-06-02 00:26:16.039478,9.99,paypal,success
1118,615,2025-09-11 00:26:16.039482,0.0,card,success
1119,615,2025-10-11 00:26:16.039482,0.0,card,success
1120,616,2025-10-28 00:26:16.039483,9.99,paypal,success
1121,616,2025-11-27 00:26:16.039483,9.99,card,success
1122,616,2025-12-27 00:26:16.039483,9.99,card,refunded
1123,616,2026-01-26 00:26:16.039483,9.99,card,success
1124,616,2026-02-25 00:26:16.039483,9.99,paypal,success
1125,616,2026-03-27 00:26:16.039483,9.99,card,success
1126,618,2025-09-01 00:26:16.039485,0.0,paypal,refunded
1127,618,2025-10-01 00:26:16.039485,0.0,paypal,refunded
1128,618,2025-10-31 00:26:16.039485,0.0,card,success
1129,619,2026-02-10 00:26:16.039486,0.0,paypal,success
1130,619,2026-03-12 00:26:16.039486,0.0,paypal,failed
1131,619,2026-04-11 00:26:16.039486,0.0,card,success
1132,619,2026-05-11 00:26:16.039486,0.0,paypal,success
1133,619,2026-06-10 00:26:16.039486,0.0,card,success
1134,619,2026-07-10 00:26:16.039486,0.0,paypal,success
1135,620,2026-03-22 00:26:16.039487,0.0,card,success
1136,622,2026-03-01 00:26:16.039489,0.0,card,success
1137,622,2026-03-31 00:26:16.039489,0.0,paypal,failed
1138,622,2026-04-30 00:26:16.039489,0.0,card,success
1139,622,2026-05-30 00:26:16.039489,0.0,paypal,failed
1140,623,2025-12-06 00:26:16.039490,0.0,card,success
1141,623,2026-01-05 00:26:16.039490,0.0,paypal,success
1142,625,2025-10-26 00:26:16.039492,9.99,paypal,success
1143,625,2025-11-25 00:26:16.039492,9.99,paypal,success
1144,625,2025-12-25 00:26:16.039492,9.99,paypal,success
1145,625,2026-01-24 00:26:16.039492,9.99,card,success
1146,625,2026-02-23 00:26:16.039492,9.99,paypal,success
1147,625,2026-03-25 00:26:16.039492,9.99,paypal,failed
1148,626,2026-02-12 00:26:16.039493,0.0,paypal,refunded
1149,626,2026-03-14 00:26:16.039493,0.0,paypal,success
1150,626,2026-04-13 00:26:16.039493,0.0,paypal,success
1151,627,2025-11-20 00:26:16.039494,9.99,paypal,success
1152,627,2025-12-20 00:26:16.039494,9.99,card,failed
1153,627,2026-01-19 00:26:16.039494,9.99,card,failed
1154,627,2026-02-18 00:26:16.039494,9.99,card,success
1155,627,2026-03-20 00:26:16.039494,9.99,card,success
1156,628,2025-08-11 00:26:16.039495,14.99,paypal,success
1157,628,2025-09-10 00:26:16.039495,14.99,card,success
1158,628,2025-10-10 00:26:16.039495,14.99,card,success
1159,628,2025-11-09 00:26:16.039495,14.99,card,success
1160,630,2025-07-10 00:26:16.039497,9.99,card,success
1161,630,2025-08-09 00:26:16.039497,9.99,card,failed
1162,630,2025-09-08 00:26:16.039497,9.99,paypal,success
1163,630,2025-10-08 00:26:16.039497,9.99,card,refunded
1164,630,2025-11-07 00:26:16.039497,9.99,paypal,success
1165,630,2025-12-07 00:26:16.039497,9.99,paypal,success
1166,635,2025-11-07 00:26:16.039502,0.0,card,success
1167,635,2025-12-07 00:26:16.039502,0.0,paypal,failed
1168,635,2026-01-06 00:26:16.039502,0.0,paypal,failed
1169,635,2026-02-05 00:26:16.039502,0.0,card,success
1170,637,2026-05-02 00:26:16.039504,0.0,paypal,success
1171,637,2026-06-01 00:26:16.039504,0.0,card,success
1172,637,2026-07-01 00:26:16.039504,0.0,card,success
1173,639,2025-09-14 00:26:16.039506,9.99,card,success
1174,639,2025-10-14 00:26:16.039506,9.99,card,refunded
1175,639,2025-11-13 00:26:16.039506,9.99,paypal,success
1176,639,2025-12-13 00:26:16.039506,9.99,paypal,success
1177,640,2026-04-10 00:26:16.039507,0.0,card,success
1178,640,2026-05-10 00:26:16.039507,0.0,card,success
1179,641,2026-02-11 00:26:16.039508,0.0,card,success
1180,642,2025-05-08 00:26:16.039509,14.99,paypal,success
1181,642,2025-06-07 00:26:16.039509,14.99,card,success
1182,642,2025-07-07 00:26:16.039509,14.99,card,success
1183,642,2025-08-06 00:26:16.039509,14.99,paypal,success
1184,642,2025-09-05 00:26:16.039509,14.99,card,success
1185,643,2026-04-30 00:26:16.039510,14.99,card,success
1186,643,2026-05-30 00:26:16.039510,14.99,card,success
1187,643,2026-06-29 00:26:16.039510,14.99,paypal,success
1188,643,2026-07-29 00:26:16.039510,14.99,paypal,success
1189,646,2025-09-04 00:26:16.039513,9.99,paypal,success
1190,646,2025-10-04 00:26:16.039513,9.99,paypal,success
1191,646,2025-11-03 00:26:16.039513,9.99,card,failed
1192,650,2025-06-19 00:26:16.039518,0.0,paypal,success
1193,651,2025-12-04 00:26:16.039519,0.0,card,success
1194,652,2026-01-21 00:26:16.039520,0.0,paypal,refunded
1195,652,2026-02-20 00:26:16.039520,0.0,paypal,success
1196,652,2026-03-22 00:26:16.039520,0.0,paypal,success
1197,652,2026-04-21 00:26:16.039520,0.0,paypal,failed
1198,652,2026-05-21 00:26:16.039520,0.0,paypal,success
1199,653,2026-01-05 00:26:16.039521,9.99,card,success
1200,654,2025-07-13 00:26:16.039522,9.99,card,success
1201,657,2025-09-18 00:26:16.039525,0.0,card,success
1202,666,2026-01-24 00:26:16.039534,0.0,paypal,success
1203,666,2026-02-23 00:26:16.039534,0.0,card,success
1204,668,2026-03-19 00:26:16.039536,14.99,card,success
1205,668,2026-04-18 00:26:16.039536,14.99,paypal,success
1206,668,2026-05-18 00:26:16.039536,14.99,card,failed
1207,668,2026-06-17 00:26:16.039536,14.99,card,success
1208,668,2026-07-17 00:26:16.039536,14.99,card,success
1209,668,2026-08-16 00:26:16.039536,14.99,card,success
1210,669,2025-05-09 00:26:16.039537,0.0,paypal,success
1211,669,2025-06-08 00:26:16.039537,0.0,card,success
1212,670,2025-07-17 00:26:16.039538,9.99,paypal,success
1213,670,2025-08-16 00:26:16.039538,9.99,card,failed
1214,674,2025-05-12 00:26:16.039543,0.0,paypal,success
1215,674,2025-06-11 00:26:16.039543,0.0,paypal,success
1216,676,2026-01-19 00:26:16.039545,14.99,paypal,success
1217,676,2026-02-18 00:26:16.039545,14.99,card,success
1218,677,2026-03-13 00:26:16.039546,0.0,card,success
1219,678,2026-02-27 00:26:16.039547,9.99,paypal,success
1220,678,2026-03-29 00:26:16.039547,9.99,card,refunded
1221,678,2026-04-28 00:26:16.039547,9.99,paypal,success
1222,678,2026-05-28 00:26:16.039547,9.99,paypal,success
1223,678,2026-06-27 00:26:16.039547,9.99,card,success
1224,678,2026-07-27 00:26:16.039547,9.99,card,success
1225,679,2026-03-28 00:26:16.039548,0.0,card,success
1226,679,2026-04-27 00:26:16.039548,0.0,paypal,success
1227,679,2026-05-27 00:26:16.039548,0.0,card,success
1228,682,2026-01-29 00:26:16.039551,9.99,card,success
1229,682,2026-02-28 00:26:16.039551,9.99,card,success
1230,682,2026-03-30 00:26:16.039551,9.99,card,success
1231,682,2026-04-29 00:26:16.039551,9.99,card,success
1232,682,2026-05-29 00:26:16.039551,9.99,card,success
1233,682,2026-06-28 00:26:16.039551,9.99,paypal,success
1234,685,2025-09-14 00:26:16.039554,9.99,paypal,success
1235,686,2025-06-26 00:26:16.039555,9.99,paypal,success
1236,686,2025-07-26 00:26:16.039555,9.99,paypal,success
1237,686,2025-08-25 00:26:16.039555,9.99,card,success
1238,686,2025-09-24 00:26:16.039555,9.99,paypal,success
1239,686,2025-10-24 00:26:16.039555,9.99,card,success
1240,686,2025-11-23 00:26:16.039555,9.99,paypal,success
1241,687,2025-12-31 00:26:16.039556,0.0,paypal,success
1242,688,2026-03-16 00:26:16.039557,0.0,paypal,success
1243,688,2026-04-15 00:26:16.039557,0.0,paypal,refunded
1244,688,2026-05-15 00:26:16.039557,0.0,card,refunded
1245,688,2026-06-14 00:26:16.039557,0.0,card,success
1246,688,2026-07-14 00:26:16.039557,0.0,paypal,success
1247,688,2026-08-13 00:26:16.039557,0.0,card,success
1248,689,2025-07-31 00:26:16.039558,9.99,card,success
1249,689,2025-08-30 00:26:16.039558,9.99,card,success
1250,689,2025-09-29 00:26:16.039558,9.99,card,refunded
1251,689,2025-10-29 00:26:16.039558,9.99,paypal,success
1252,689,2025-11-28 00:26:16.039558,9.99,paypal,success
1253,690,2025-05-26 00:26:16.039559,14.99,paypal,success
1254,690,2025-06-25 00:26:16.039559,14.99,card,success
1255,691,2025-09-16 00:26:16.039560,9.99,paypal,failed
1256,691,2025-10-16 00:26:16.039560,9.99,paypal,success
1257,698,2025-12-18 00:26:16.039567,9.99,card,success
1258,698,2026-01-17 00:26:16.039567,9.99,card,success
1259,698,2026-02-16 00:26:16.039567,9.99,paypal,success
1260,698,2026-03-18 00:26:16.039567,9.99,card,success
1261,700,2025-08-19 00:26:16.039569,14.99,card,success
1262,700,2025-09-18 00:26:16.039569,14.99,card,failed
1263,700,2025-10-18 00:26:16.039569,14.99,card,success
1264,700,2025-11-17 00:26:16.039569,14.99,paypal,success
1265,700,2025-12-17 00:26:16.039569,14.99,card,success
1266,702,2025-05-19 00:26:16.039571,9.99,card,success
1267,702,2025-06-18 00:26:16.039571,9.99,paypal,success
1268,702,2025-07-18 00:26:16.039571,9.99,paypal,success
1269,702,2025-08-17 00:26:16.039571,9.99,card,success
1270,703,2025-07-22 00:26:16.039573,0.0,paypal,failed
1271,703,2025-08-21 00:26:16.039573,0.0,paypal,success
1272,703,2025-09-20 00:26:16.039573,0.0,paypal,success
1273,703,2025-10-20 00:26:16.039573,0.0,paypal,success
1274,703,2025-11-19 00:26:16.039573,0.0,card,success
1275,704,2026-02-01 00:26:16.039574,9.99,card,success
1276,704,2026-03-03 00:26:16.039574,9.99,paypal,success
1277,704,2026-04-02 00:26:16.039574,9.99,card,success
1278,704,2026-05-02 00:26:16.039574,9.99,paypal,success
1279,704,2026-06-01 00:26:16.039574,9.99,card,success
1280,705,2025-08-31 00:26:16.039575,0.0,paypal,success
1281,705,2025-09-30 00:26:16.039575,0.0,paypal,success
1282,705,2025-10-30 00:26:16.039575,0.0,paypal,success
1283,706,2025-08-12 00:26:16.039576,9.99,paypal,success
1284,707,2025-11-24 00:26:16.039577,0.0,paypal,success
1285,707,2025-12-24 00:26:16.039577,0.0,paypal,success
1286,707,2026-01-23 00:26:16.039577,0.0,card,success
1287,708,2025-08-18 00:26:16.039578,0.0,paypal,success
1288,708,2025-09-17 00:26:16.039578,0.0,card,success
1289,709,2026-04-23 00:26:16.039579,0.0,paypal,success
1290,709,2026-05-23 00:26:16.039579,0.0,paypal,success
1291,713,2025-09-08 00:26:16.039583,0.0,card,success
1292,713,2025-10-08 00:26:16.039583,0.0,paypal,success
1293,713,2025-11-07 00:26:16.039583,0.0,paypal,success
1294,713,2025-12-07 00:26:16.039583,0.0,paypal,success
1295,713,2026-01-06 00:26:16.039583,0.0,paypal,success
1296,715,2025-12-20 00:26:16.039585,9.99,paypal,success
1297,715,2026-01-19 00:26:16.039585,9.99,paypal,failed
1298,715,2026-02-18 00:26:16.039585,9.99,paypal,refunded
1299,715,2026-03-20 00:26:16.039585,9.99,paypal,success
1300,715,2026-04-19 00:26:16.039585,9.99,card,success
1301,715,2026-05-19 00:26:16.039585,9.99,paypal,success
1302,717,2025-05-05 00:26:16.039587,9.99,card,success
1303,717,2025-06-04 00:26:16.039587,9.99,paypal,success
1304,717,2025-07-04 00:26:16.039587,9.99,card,failed
1305,721,2025-07-23 00:26:16.039591,14.99,paypal,success
1306,721,2025-08-22 00:26:16.039591,14.99,paypal,success
1307,721,2025-09-21 00:26:16.039591,14.99,card,success
1308,722,2025-09-02 00:26:16.039592,9.99,paypal,success
1309,722,2025-10-02 00:26:16.039592,9.99,paypal,success
1310,722,2025-11-01 00:26:16.039592,9.99,card,refunded
1311,723,2025-10-27 00:26:16.039593,0.0,paypal,success
1312,723,2025-11-26 00:26:16.039593,0.0,card,success
1313,723,2025-12-26 00:26:16.039593,0.0,card,success
1314,725,2025-12-22 00:26:16.039596,0.0,paypal,success
1315,725,2026-01-21 00:26:16.039596,0.0,card,success
1316,725,2026-02-20 00:26:16.039596,0.0,card,refunded
1317,725,2026-03-22 00:26:16.039596,0.0,card,success
1318,725,2026-04-21 00:26:16.039596,0.0,card,success
1319,725,2026-05-21 00:26:16.039596,0.0,paypal,success
1320,727,2025-12-07 00:26:16.039598,0.0,paypal,success
1321,727,2026-01-06 00:26:16.039598,0.0,paypal,refunded
1322,727,2026-02-05 00:26:16.039598,0.0,paypal,success
1323,727,2026-03-07 00:26:16.039598,0.0,card,success
1324,729,2025-09-01 00:26:16.039600,9.99,card,success
1325,729,2025-10-01 00:26:16.039600,9.99,paypal,failed
1326,731,2025-08-07 00:26:16.039602,0.0,card,success
1327,731,2025-09-06 00:26:16.039602,0.0,paypal,success
1328,731,2025-10-06 00:26:16.039602,0.0,paypal,success
1329,731,2025-11-05 00:26:16.039602,0.0,card,success
1330,731,2025-12-05 00:26:16.039602,0.0,paypal,success
1331,733,2026-02-17 00:26:16.039604,0.0,paypal,success
1332,733,2026-03-19 00:26:16.039604,0.0,card,success
1333,733,2026-04-18 00:26:16.039604,0.0,paypal,success
1334,733,2026-05-18 00:26:16.039604,0.0,paypal,success
1335,733,2026-06-17 00:26:16.039604,0.0,card,success
1336,737,2026-04-02 00:26:16.039608,14.99,card,success
1337,737,2026-05-02 00:26:16.039608,14.99,paypal,success
1338,737,2026-06-01 00:26:16.039608,14.99,card,success
1339,742,2025-11-08 00:26:16.039613,9.99,card,success
1340,742,2025-12-08 00:26:16.039613,9.99,card,success
1341,742,2026-01-07 00:26:16.039613,9.99,paypal,success
1342,746,2026-04-18 00:26:16.039617,0.0,paypal,success
1343,746,2026-05-18 00:26:16.039617,0.0,card,success
1344,746,2026-06-17 00:26:16.039617,0.0,card,success
1345,747,2026-03-02 00:26:16.039618,0.0,paypal,success
1346,751,2025-05-20 00:26:16.039624,0.0,paypal,success
1347,751,2025-06-19 00:26:16.039624,0.0,card,success
1348,752,2026-04-24 00:26:16.039625,9.99,card,success
1349,752,2026-05-24 00:26:16.039625,9.99,card,success
1350,752,2026-06-23 00:26:16.039625,9.99,card,failed
1351,752,2026-07-23 00:26:16.039625,9.99,paypal,success
1352,752,2026-08-22 00:26:16.039625,9.99,card,success
1353,754,2025-05-17 00:26:16.039627,9.99,card,success
1354,754,2025-06-16 00:26:16.039627,9.99,card,failed
1355,755,2026-01-05 00:26:16.039628,9.99,card,failed
1356,755,2026-02-04 00:26:16.039628,9.99,card,success
1357,755,2026-03-06 00:26:16.039628,9.99,paypal,success
1358,760,2025-08-16 00:26:16.039634,0.0,card,success
1359,760,2025-09-15 00:26:16.039634,0.0,paypal,success
1360,761,2026-03-09 00:26:16.039635,9.99,card,success
1361,761,2026-04-08 00:26:16.039635,9.99,paypal,success
1362,761,2026-05-08 00:26:16.039635,9.99,paypal,success
1363,762,2025-08-11 00:26:16.039636,0.0,paypal,success
1364,762,2025-09-10 00:26:16.039636,0.0,paypal,success
1365,766,2025-11-21 00:26:16.039641,0.0,paypal,success
1366,766,2025-12-21 00:26:16.039641,0.0,card,success
1367,766,2026-01-20 00:26:16.039641,0.0,paypal,success
1368,766,2026-02-19 00:26:16.039641,0.0,card,success
1369,767,2025-09-27 00:26:16.039642,0.0,card,success
1370,767,2025-10-27 00:26:16.039642,0.0,card,success
1371,767,2025-11-26 00:26:16.039642,0.0,paypal,success
1372,767,2025-12-26 00:26:16.039642,0.0,card,success
1373,767,2026-01-25 00:26:16.039642,0.0,paypal,failed
1374,767,2026-02-24 00:26:16.039642,0.0,card,success
1375,768,2025-10-25 00:26:16.039643,9.99,paypal,success
1376,777,2025-05-08 00:26:16.039652,0.0,card,success
1377,777,2025-06-07 00:26:16.039652,0.0,paypal,success
1378,777,2025-07-07 00:26:16.039652,0.0,paypal,success
1379,777,2025-08-06 00:26:16.039652,0.0,card,failed
1380,777,2025-09-05 00:26:16.039652,0.0,paypal,success
1381,777,2025-10-05 00:26:16.039652,0.0,paypal,success
1382,779,2025-08-31 00:26:16.039654,0.0,card,success
1383,779,2025-09-30 00:26:16.039654,0.0,card,success
1384,779,2025-10-30 00:26:16.039654,0.0,card,success
1385,779,2025-11-29 00:26:16.039654,0.0,paypal,failed
1386,779,2025-12-29 00:26:16.039654,0.0,card,success
1387,781,2025-07-03 00:26:16.039657,9.99,card,failed
1388,781,2025-08-02 00:26:16.039657,9.99,paypal,success
1389,781,2025-09-01 00:26:16.039657,9.99,paypal,success
1390,781,2025-10-01 00:26:16.039657,9.99,card,success
1391,781,2025-10-31 00:26:16.039657,9.99,card,success
1392,782,2025-12-11 00:26:16.039658,0.0,paypal,refunded
1393,782,2026-01-10 00:26:16.039658,0.0,paypal,success
1394,784,2025-06-26 00:26:16.039660,0.0,card,success
1395,786,2025-09-15 00:26:16.039662,0.0,paypal,success
1396,787,2025-10-03 00:26:16.039663,9.99,card,success
1397,790,2025-07-02 00:26:16.039666,14.99,card,failed
1398,792,2025-10-08 00:26:16.039668,0.0,card,success
1399,792,2025-11-07 00:26:16.039668,0.0,card,failed
1400,792,2025-12-07 00:26:16.039668,0.0,paypal,failed
1401,792,2026-01-06 00:26:16.039668,0.0,paypal,success
1402,792,2026-02-05 00:26:16.039668,0.0,card,success
1403,792,2026-03-07 00:26:16.039668,0.0,paypal,success
1404,794,2026-01-13 00:26:16.039670,0.0,paypal,success
1405,794,2026-02-12 00:26:16.039670,0.0,card,success
1406,798,2026-01-19 00:26:16.039674,0.0,card,success
1407,798,2026-02-18 00:26:16.039674,0.0,paypal,success
1408,800,2026-02-26 00:26:16.039676,14.99,paypal,success
1409,800,2026-03-28 00:26:16.039676,14.99,paypal,success
1410,800,2026-04-27 00:26:16.039676,14.99,paypal,success
1411,800,2026-05-27 00:26:16.039676,14.99,card,success
1412,801,2025-05-31 00:26:16.039677,9.99,card,success
1413,803,2025-08-31 00:26:16.039680,0.0,card,success
1414,803,2025-09-30 00:26:16.039680,0.0,paypal,success
1415,803,2025-10-30 00:26:16.039680,0.0,paypal,success
1416,803,2025-11-29 00:26:16.039680,0.0,paypal,failed
1417,803,2025-12-29 00:26:16.039680,0.0,card,success
1418,803,2026-01-28 00:26:16.039680,0.0,card,success
1419,804,2025-09-12 00:26:16.039681,9.99,paypal,success
1420,804,2025-10-12 00:26:16.039681,9.99,paypal,success
1421,804,2025-11-11 00:26:16.039681,9.99,card,success
1422,804,2025-12-11 00:26:16.039681,9.99,card,success
1423,804,2026-01-10 00:26:16.039681,9.99,card,success
1424,804,2026-02-09 00:26:16.039681,9.99,card,success
1425,805,2025-07-26 00:26:16.039682,9.99,paypal,success
1426,805,2025-08-25 00:26:16.039682,9.99,paypal,success
1427,806,2025-12-08 00:26:16.039683,14.99,card,success
1428,806,2026-01-07 00:26:16.039683,14.99,card,success
1429,806,2026-02-06 00:26:16.039683,14.99,card,success
1430,806,2026-03-08 00:26:16.039683,14.99,card,refunded
1431,806,2026-04-07 00:26:16.039683,14.99,card,failed
1432,806,2026-05-07 00:26:16.039683,14.99,card,success
1433,807,2025-09-12 00:26:16.039684,0.0,paypal,failed
1434,807,2025-10-12 00:26:16.039684,0.0,card,success
1435,807,2025-11-11 00:26:16.039684,0.0,paypal,success
1436,812,2025-12-13 00:26:16.039689,9.99,card,success
1437,812,2026-01-12 00:26:16.039689,9.99,paypal,success
1438,812,2026-02-11 00:26:16.039689,9.99,card,success
1439,812,2026-03-13 00:26:16.039689,9.99,card,success
1440,812,2026-04-12 00:26:16.039689,9.99,card,success
1441,812,2026-05-12 00:26:16.039689,9.99,card,success
1442,826,2026-04-12 00:26:16.039704,9.99,card,success
1443,829,2026-01-06 00:26:16.039707,9.99,card,success
1444,829,2026-02-05 00:26:16.039707,9.99,card,failed
1445,829,2026-03-07 00:26:16.039707,9.99,card,success
1446,832,2025-06-28 00:26:16.039710,0.0,card,success
1447,832,2025-07-28 00:26:16.039710,0.0,card,success
1448,832,2025-08-27 00:26:16.039710,0.0,card,success
1449,832,2025-09-26 00:26:16.039710,0.0,paypal,success
1450,835,2025-10-17 00:26:16.039713,0.0,card,success
1451,835,2025-11-16 00:26:16.039713,0.0,paypal,success
1452,835,2025-12-16 00:26:16.039713,0.0,card,success
1453,837,2025-12-29 00:26:16.039715,0.0,paypal,success
1454,837,2026-01-28 00:26:16.039715,0.0,card,success
1455,839,2026-03-20 00:26:16.039717,0.0,card,success
1456,839,2026-04-19 00:26:16.039717,0.0,paypal,success
1457,839,2026-05-19 00:26:16.039717,0.0,card,success
1458,839,2026-06-18 00:26:16.039717,0.0,paypal,success
1459,839,2026-07-18 00:26:16.039717,0.0,paypal,success
1460,839,2026-08-17 00:26:16.039717,0.0,card,success
1461,840,2026-01-03 00:26:16.039718,9.99,card,refunded
1462,840,2026-02-02 00:26:16.039718,9.99,paypal,success
1463,841,2026-04-26 00:26:16.039719,14.99,card,success
1464,841,2026-05-26 00:26:16.039719,14.99,paypal,success
1465,841,2026-06-25 00:26:16.039719,14.99,paypal,refunded
1466,841,2026-07-25 00:26:16.039719,14.99,paypal,success
1467,841,2026-08-24 00:26:16.039719,14.99,card,success
1468,842,2025-11-21 00:26:16.039720,9.99,paypal,failed
1469,842,2025-12-21 00:26:16.039720,9.99,paypal,success
1470,842,2026-01-20 00:26:16.039720,9.99,card,failed
1471,843,2025-07-05 00:26:16.039721,0.0,paypal,success
1472,843,2025-08-04 00:26:16.039721,0.0,paypal,refunded
1473,846,2025-07-09 00:26:16.039725,9.99,card,success
1474,846,2025-08-08 00:26:16.039725,9.99,card,refunded
1475,846,2025-09-07 00:26:16.039725,9.99,paypal,success
1476,846,2025-10-07 00:26:16.039725,9.99,paypal,refunded
1477,846,2025-11-06 00:26:16.039725,9.99,card,success
1478,847,2025-09-20 00:26:16.039726,0.0,card,success
1479,847,2025-10-20 00:26:16.039726,0.0,card,success
1480,847,2025-11-19 00:26:16.039726,0.0,paypal,refunded
1481,849,2025-07-24 00:26:16.039728,0.0,paypal,success
1482,849,2025-08-23 00:26:16.039728,0.0,paypal,success
1483,850,2026-03-14 00:26:16.039729,0.0,card,success
1484,850,2026-04-13 00:26:16.039729,0.0,paypal,success
1485,850,2026-05-13 00:26:16.039729,0.0,card,success
1486,850,2026-06-12 00:26:16.039729,0.0,card,success
1487,850,2026-07-12 00:26:16.039729,0.0,card,success
1488,850,2026-08-11 00:26:16.039729,0.0,card,success
1489,851,2025-05-14 00:26:16.039730,14.99,card,failed
1490,851,2025-06-13 00:26:16.039730,14.99,card,failed
1491,851,2025-07-13 00:26:16.039730,14.99,card,success
1492,855,2025-07-07 00:26:16.039734,9.99,card,refunded
1493,855,2025-08-06 00:26:16.039734,9.99,paypal,success
1494,855,2025-09-05 00:26:16.039734,9.99,paypal,success
1495,855,2025-10-05 00:26:16.039734,9.99,paypal,success
1496,855,2025-11-04 00:26:16.039734,9.99,paypal,failed
1497,855,2025-12-04 00:26:16.039734,9.99,paypal,success
1498,856,2026-01-22 00:26:16.039735,0.0,paypal,success
1499,856,2026-02-21 00:26:16.039735,0.0,paypal,success
1500,856,2026-03-23 00:26:16.039735,0.0,card,success
1501,856,2026-04-22 00:26:16.039735,0.0,card,failed
1502,856,2026-05-22 00:26:16.039735,0.0,paypal,success
1503,859,2025-05-26 00:26:16.039738,0.0,card,success
1504,859,2025-06-25 00:26:16.039738,0.0,paypal,success
1505,859,2025-07-25 00:26:16.039738,0.0,card,refunded
1506,859,2025-08-24 00:26:16.039738,0.0,card,success
1507,859,2025-09-23 00:26:16.039738,0.0,card,success
1508,859,2025-10-23 00:26:16.039738,0.0,card,success
1509,860,2025-05-16 00:26:16.039739,9.99,card,failed
1510,860,2025-06-15 00:26:16.039739,9.99,card,success
1511,861,2026-02-09 00:26:16.039740,0.0,card,success
1512,861,2026-03-11 00:26:16.039740,0.0,card,success
1513,861,2026-04-10 00:26:16.039740,0.0,paypal,success
1514,861,2026-05-10 00:26:16.039740,0.0,card,success
1515,861,2026-06-09 00:26:16.039740,0.0,card,success
1516,864,2025-06-29 00:26:16.039743,14.99,paypal,success
1517,864,2025-07-29 00:26:16.039743,14.99,card,success
1518,864,2025-08-28 00:26:16.039743,14.99,paypal,success
1519,864,2025-09-27 00:26:16.039743,14.99,card,success
1520,866,2026-03-27 00:26:16.039746,9.99,card,success
1521,866,2026-04-26 00:26:16.039746,9.99,paypal,success
1522,866,2026-05-26 00:26:16.039746,9.99,card,success
1523,866,2026-06-25 00:26:16.039746,9.99,card,success
1524,866,2026-07-25 00:26:16.039746,9.99,card,failed
1525,866,2026-08-24 00:26:16.039746,9.99,paypal,success
1526,867,2025-11-30 00:26:16.039747,9.99,paypal,success
1527,871,2026-04-25 00:26:16.039751,14.99,card,success
1528,871,2026-05-25 00:26:16.039751,14.99,card,success
1529,871,2026-06-24 00:26:16.039751,14.99,card,success
1530,873,2026-02-25 00:26:16.039753,9.99,paypal,success
1531,873,2026-03-27 00:26:16.039753,9.99,paypal,success
1532,873,2026-04-26 00:26:16.039753,9.99,paypal,success
1533,874,2025-07-21 00:26:16.039754,0.0,card,success
1534,874,2025-08-20 00:26:16.039754,0.0,paypal,success
1535,875,2025-11-15 00:26:16.039755,9.99,card,refunded
1536,875,2025-12-15 00:26:16.039755,9.99,paypal,success
1537,875,2026-01-14 00:26:16.039755,9.99,card,failed
1538,875,2026-02-13 00:26:16.039755,9.99,card,success
1539,875,2026-03-15 00:26:16.039755,9.99,paypal,success
1540,877,2025-09-01 00:26:16.039757,9.99,paypal,success
1541,877,2025-10-01 00:26:16.039757,9.99,card,failed
1542,877,2025-10-31 00:26:16.039757,9.99,card,success
1543,877,2025-11-30 00:26:16.039757,9.99,paypal,success
1544,879,2025-06-10 00:26:16.039759,0.0,paypal,success
1545,879,2025-07-10 00:26:16.039759,0.0,paypal,success
1546,879,2025-08-09 00:26:16.039759,0.0,card,success
1547,879,2025-09-08 00:26:16.039759,0.0,card,failed
1548,879,2025-10-08 00:26:16.039759,0.0,paypal,success
1549,879,2025-11-07 00:26:16.039759,0.0,paypal,failed
1550,880,2025-11-10 00:26:16.039760,0.0,card,success
1551,880,2025-12-10 00:26:16.039760,0.0,card,success
1552,880,2026-01-09 00:26:16.039760,0.0,card,success
1553,881,2025-09-17 00:26:16.039761,9.99,paypal,success
1554,881,2025-10-17 00:26:16.039761,9.99,paypal,success
1555,881,2025-11-16 00:26:16.039761,9.99,card,success
1556,882,2025-07-16 00:26:16.039762,0.0,card,success
1557,884,2026-04-22 00:26:16.039764,0.0,paypal,success
1558,887,2025-10-07 00:26:16.039767,0.0,paypal,failed
1559,887,2025-11-06 00:26:16.039767,0.0,paypal,success
1560,887,2025-12-06 00:26:16.039767,0.0,paypal,success
1561,888,2026-01-27 00:26:16.039768,0.0,paypal,success
1562,888,2026-02-26 00:26:16.039768,0.0,card,success
1563,888,2026-03-28 00:26:16.039768,0.0,paypal,success
1564,888,2026-04-27 00:26:16.039768,0.0,paypal,failed
1565,888,2026-05-27 00:26:16.039768,0.0,card,success
1566,888,2026-06-26 00:26:16.039768,0.0,paypal,success
1567,889,2026-03-19 00:26:16.039769,9.99,card,failed
1568,889,2026-04-18 00:26:16.039769,9.99,card,success
1569,889,2026-05-18 00:26:16.039769,9.99,card,success
1570,889,2026-06-17 00:26:16.039769,9.99,card,success
1571,889,2026-07-17 00:26:16.039769,9.99,card,success
1572,889,2026-08-16 00:26:16.039769,9.99,card,success
1573,891,2025-06-14 00:26:16.039771,9.99,card,success
1574,891,2025-07-14 00:26:16.039771,9.99,card,success
1575,895,2025-07-03 00:26:16.039775,9.99,card,success
1576,895,2025-08-02 00:26:16.039775,9.99,paypal,success
1577,895,2025-09-01 00:26:16.039775,9.99,paypal,success
1578,895,2025-10-01 00:26:16.039775,9.99,paypal,success
1579,895,2025-10-31 00:26:16.039775,9.99,paypal,success
1580,897,2025-10-20 00:26:16.039777,0.0,card,success
1581,897,2025-11-19 00:26:16.039777,0.0,card,success
1582,897,2025-12-19 00:26:16.039777,0.0,card,failed
1583,897,2026-01-18 00:26:16.039777,0.0,paypal,success
1584,898,2025-12-17 00:26:16.039778,0.0,paypal,success
1585,898,2026-01-16 00:26:16.039778,0.0,card,success
1586,898,2026-02-15 00:26:16.039778,0.0,paypal,success
1587,898,2026-03-17 00:26:16.039778,0.0,paypal,success
1588,902,2026-04-21 00:26:16.039782,14.99,card,success
1589,902,2026-05-21 00:26:16.039782,14.99,card,failed
1590,902,2026-06-20 00:26:16.039782,14.99,card,success
1591,906,2025-08-27 00:26:16.039786,0.0,card,refunded
1592,906,2025-09-26 00:26:16.039786,0.0,card,success
1593,906,2025-10-26 00:26:16.039786,0.0,card,success
1594,906,2025-11-25 00:26:16.039786,0.0,paypal,success
1595,906,2025-12-25 00:26:16.039786,0.0,card,failed
1596,906,2026-01-24 00:26:16.039786,0.0,card,success
1597,909,2025-05-20 00:26:16.039790,0.0,card,success
1598,911,2025-05-17 00:26:16.039792,0.0,card,success
1599,911,2025-06-16 00:26:16.039792,0.0,card,success
1600,911,2025-07-16 00:26:16.039792,0.0,card,success
1601,911,2025-08-15 00:26:16.039792,0.0,card,success
1602,913,2025-11-29 00:26:16.039794,9.99,paypal,failed
1603,913,2025-12-29 00:26:16.039794,9.99,card,success
1604,913,2026-01-28 00:26:16.039794,9.99,card,success
1605,913,2026-02-27 00:26:16.039794,9.99,card,success
1606,915,2025-07-18 00:26:16.039796,0.0,paypal,success
1607,916,2026-03-03 00:26:16.039797,0.0,card,success
1608,916,2026-04-02 00:26:16.039797,0.0,paypal,failed
1609,916,2026-05-02 00:26:16.039797,0.0,card,success
1610,917,2026-01-11 00:26:16.039798,0.0,paypal,failed
1611,917,2026-02-10 00:26:16.039798,0.0,paypal,success
1612,917,2026-03-12 00:26:16.039798,0.0,paypal,success
1613,917,2026-04-11 00:26:16.039798,0.0,paypal,success
1614,917,2026-05-11 00:26:16.039798,0.0,paypal,success
1615,917,2026-06-10 00:26:16.039798,0.0,card,success
1616,918,2026-04-23 00:26:16.039799,9.99,paypal,success
1617,918,2026-05-23 00:26:16.039799,9.99,paypal,success
1618,918,2026-06-22 00:26:16.039799,9.99,card,refunded
1619,918,2026-07-22 00:26:16.039799,9.99,card,success
1620,920,2025-11-15 00:26:16.039801,0.0,paypal,refunded
1621,920,2025-12-15 00:26:16.039801,0.0,card,success
1622,920,2026-01-14 00:26:16.039801,0.0,paypal,success
1623,920,2026-02-13 00:26:16.039801,0.0,paypal,success
1624,921,2026-01-03 00:26:16.039802,0.0,card,success
1625,921,2026-02-02 00:26:16.039802,0.0,card,success
1626,921,2026-03-04 00:26:16.039802,0.0,paypal,success
1627,921,2026-04-03 00:26:16.039802,0.0,card,failed
1628,921,2026-05-03 00:26:16.039802,0.0,paypal,success
1629,923,2026-01-20 00:26:16.039804,9.99,card,refunded
1630,926,2026-04-24 00:26:16.039807,0.0,card,success
1631,926,2026-05-24 00:26:16.039807,0.0,paypal,success
1632,926,2026-06-23 00:26:16.039807,0.0,paypal,success
1633,926,2026-07-23 00:26:16.039807,0.0,card,success
1634,931,2025-09-25 00:26:16.039812,9.99,paypal,success
1635,931,2025-10-25 00:26:16.039812,9.99,paypal,success
1636,931,2025-11-24 00:26:16.039812,9.99,paypal,success
1637,932,2025-12-10 00:26:16.039813,14.99,paypal,success
1638,936,2025-10-24 00:26:16.039818,9.99,card,success
1639,936,2025-11-23 00:26:16.039818,9.99,card,failed
1640,936,2025-12-23 00:26:16.039818,9.99,paypal,success
1641,936,2026-01-22 00:26:16.039818,9.99,paypal,success
1642,936,2026-02-21 00:26:16.039818,9.99,paypal,success
1643,939,2026-01-20 00:26:16.039821,0.0,card,success
1644,939,2026-02-19 00:26:16.039821,0.0,card,success
1645,939,2026-03-21 00:26:16.039821,0.0,paypal,success
1646,939,2026-04-20 00:26:16.039821,0.0,paypal,success
1647,939,2026-05-20 00:26:16.039821,0.0,paypal,success
1648,939,2026-06-19 00:26:16.039821,0.0,card,success
1649,943,2026-04-20 00:26:16.039825,9.99,card,success
1650,943,2026-05-20 00:26:16.039825,9.99,paypal,success
1651,943,2026-06-19 00:26:16.039825,9.99,card,success
1652,944,2025-08-17 00:26:16.039826,0.0,card,success
1653,944,2025-09-16 00:26:16.039826,0.0,card,refunded
1654,944,2025-10-16 00:26:16.039826,0.0,card,success
1655,944,2025-11-15 00:26:16.039826,0.0,paypal,success
1656,944,2025-12-15 00:26:16.039826,0.0,card,success
1657,948,2025-09-18 00:26:16.039830,0.0,paypal,failed
1658,948,2025-10-18 00:26:16.039830,0.0,paypal,failed
1659,948,2025-11-17 00:26:16.039830,0.0,card,success
1660,948,2025-12-17 00:26:16.039830,0.0,card,success
1661,949,2026-03-07 00:26:16.039831,9.99,paypal,success
1662,949,2026-04-06 00:26:16.039831,9.99,card,success
1663,949,2026-05-06 00:26:16.039831,9.99,card,refunded
1664,949,2026-06-05 00:26:16.039831,9.99,paypal,success
1665,949,2026-07-05 00:26:16.039831,9.99,card,failed
1666,952,2025-08-03 00:26:16.039834,9.99,card,success
1667,953,2025-08-19 00:26:16.039835,0.0,card,success
1668,953,2025-09-18 00:26:16.039835,0.0,card,success
1669,953,2025-10-18 00:26:16.039835,0.0,paypal,success
1670,953,2025-11-17 00:26:16.039835,0.0,paypal,success
1671,955,2026-01-21 00:26:16.039837,0.0,paypal,success
1672,955,2026-02-20 00:26:16.039837,0.0,card,success
1673,958,2025-10-17 00:26:16.039841,9.99,card,success
1674,958,2025-11-16 00:26:16.039841,9.99,card,success
1675,958,2025-12-16 00:26:16.039841,9.99,card,success
1676,958,2026-01-15 00:26:16.039841,9.99,paypal,success
1677,960,2026-03-23 00:26:16.039843,9.99,paypal,success
1678,960,2026-04-22 00:26:16.039843,9.99,card,success
1679,960,2026-05-22 00:26:16.039843,9.99,card,success
1680,960,2026-06-21 00:26:16.039843,9.99,paypal,success
1681,960,2026-07-21 00:26:16.039843,9.99,paypal,success
1682,963,2026-01-20 00:26:16.039846,9.99,card,success
1683,964,2026-01-07 00:26:16.039847,14.99,card,success
1684,966,2025-06-01 00:26:16.039849,9.99,paypal,failed
1685,966,2025-07-01 00:26:16.039849,9.99,card,success
1686,966,2025-07-31 00:26:16.039849,9.99,card,success
1687,968,2025-12-23 00:26:16.039851,0.0,paypal,success
1688,968,2026-01-22 00:26:16.039851,0.0,card,success
1689,968,2026-02-21 00:26:16.039851,0.0,paypal,success
1690,968,2026-03-23 00:26:16.039851,0.0,card,success
1691,969,2025-06-03 00:26:16.039852,9.99,paypal,success
1692,978,2025-12-02 00:26:16.039861,14.99,card,success
1693,978,2026-01-01 00:26:16.039861,14.99,paypal,success
1694,978,2026-01-31 00:26:16.039861,14.99,paypal,success
1695,978,2026-03-02 00:26:16.039861,14.99,card,success
1696,982,2025-11-29 00:26:16.039866,0.0,card,success
1697,982,2025-12-29 00:26:16.039866,0.0,card,refunded
1698,982,2026-01-28 00:26:16.039866,0.0,paypal,success
1699,983,2026-04-03 00:26:16.039867,9.99,card,success
1700,983,2026-05-03 00:26:16.039867,9.99,paypal,success
1701,983,2026-06-02 00:26:16.039867,9.99,paypal,failed
1702,983,2026-07-02 00:26:16.039867,9.99,paypal,success
1703,983,2026-08-01 00:26:16.039867,9.99,card,success
1704,985,2025-06-17 00:26:16.039869,9.99,paypal,success
1705,985,2025-07-17 00:26:16.039869,9.99,paypal,success
1706,985,2025-08-16 00:26:16.039869,9.99,paypal,success
1707,985,2025-09-15 00:26:16.039869,9.99,card,success
1708,986,2025-10-14 00:26:16.039870,0.0,card,success
1709,988,2025-10-16 00:26:16.039872,9.99,card,refunded
1710,988,2025-11-15 00:26:16.039872,9.99,paypal,success
1711,989,2025-07-25 00:26:16.039873,0.0,card,success
1712,991,2025-06-16 00:26:16.039875,0.0,card,success
1713,991,2025-07-16 00:26:16.039875,0.0,paypal,success
1714,991,2025-08-15 00:26:16.039875,0.0,card,success
1715,991,2025-09-14 00:26:16.039875,0.0,paypal,success
1716,991,2025-10-14 00:26:16.039875,0.0,card,success
1717,992,2026-01-31 00:26:16.039876,9.99,card,success
1718,992,2026-03-02 00:26:16.039876,9.99,paypal,success
1719,992,2026-04-01 00:26:16.039876,9.99,paypal,success
1720,992,2026-05-01 00:26:16.039876,9.99,card,success
1721,992,2026-05-31 00:26:16.039876,9.99,card,success
1722,992,2026-06-30 00:26:16.039876,9.99,paypal,success
1723,994,2026-04-10 00:26:16.039878,9.99,paypal,success
1724,994,2026-05-10 00:26:16.039878,9.99,card,success
1725,994,2026-06-09 00:26:16.039878,9.99,card,success
1726,994,2026-07-09 00:26:16.039878,9.99,card,success
1727,994,2026-08-08 00:26:16.039878,9.99,paypal,success
1728,996,2025-08-16 00:26:16.039880,14.99,paypal,success
1729,996,2025-09-15 00:26:16.039880,14.99,paypal,success
1730,1000,2025-08-21 00:26:16.039884,0.0,paypal,success
1731,1000,2025-09-20 00:26:16.039884,0.0,card,failed
1732,1000,2025-10-20 00:26:16.039884,0.0,paypal,failed
1733,1000,2025-11-19 00:26:16.039884,0.0,paypal,success
1734,1000,2025-12-19 00:26:16.039884,0.0,card,success
