user_id,subscription_type,monthly_price,start_date
1,free,14.99,2025-07-16 23:30:50.180135
2,premium,0.0,2025-12-02 23:30:50.180140
3,premium,0.0,2025-12-14 23:30:50.180141
4,free,0.0,2026-03-03 23:30:50.180143
5,free,9.99,2025-04-26 23:30:50.180144
6,free,0.0,2025-11-12 23:30:50.180145
7,free,0.0,2025-05-11 23:30:50.180146
8,free,9.99,2025-12-03 23:30:50.180147
9,free,0.0,2025-08-02 23:30:50.180148
10,free,14.99,2025-12-12 23:30:50.180149
11,premium,9.99,2025-05-27 23:30:50.180150
12,free,0.0,2025-07-30 23:30:50.180151
13,premium,0.0,2026-02-21 23:30:50.180152
14,free,0.0,2025-05-27 23:30:50.180153
15,family,0.0,2025-12-22 23:30:50.180154
16,free,9.99,2025-05-19 23:30:50.180155
17,free,0.0,2025-06-20 23:30:50.180156
18,premium,0.0,2025-06-23 23:30:50.180157
19,premium,0.0,2025-04-29 23:30:50.180159
20,free,9.99,2026-02-18 23:30:50.180160
21,premium,0.0,2025-07-11 23:30:50.180161
22,free,0.0,2025-11-23 23:30:50.180162
23,free,9.99,2025-09-18 23:30:50.180163
24,premium,0.0,2025-09-27 23:30:50.180164
25,premium,9.99,2026-03-30 23:30:50.180165
26,free,0.0,2025-11-05 23:30:50.180166
27,premium,14.99,2026-01-28 23:30:50.180167
28,premium,9.99,2025-10-22 23:30:50.180168
29,free,9.99,2025-10-21 23:30:50.180168
30,free,0.0,2025-11-08 23:30:50.180169
31,free,14.99,2025-12-07 23:30:50.180170
32,free,14.99,2026-03-20 23:30:50.180171
33,premium,9.99,2026-03-08 23:30:50.180172
34,free,0.0,2026-03-17 23:30:50.180173
35,family,14.99,2026-03-27 23:30:50.180174
36,free,0.0,2025-10-14 23:30:50.180175
37,free,9.99,2026-03-01 23:30:50.180176
38,free,9.99,2025-06-19 23:30:50.180177
39,premium,9.99,2026-02-07 23:30:50.180178
40,free,0.0,2025-11-23 23:30:50.180179
41,free,9.99,2025-12-21 23:30:50.180180
42,premium,0.0,2025-10-07 23:30:50.180181
43,free,0.0,2025-07-23 23:30:50.180182
44,premium,0.0,2025-11-26 23:30:50.180183
45,free,0.0,2026-03-02 23:30:50.180184
46,premium,0.0,2025-07-21 23:30:50.180185
47,free,0.0,2025-11-02 23:30:50.180186
48,free,0.0,2026-02-11 23:30:50.180187
49,free,0.0,2026-04-06 23:30:50.180188
50,premium,0.0,2025-08-31 23:30:50.180189
51,premium,0.0,2025-11-22 23:30:50.180190
52,premium,14.99,2025-11-13 23:30:50.180191
53,free,0.0,2025-05-18 23:30:50.180192
54,free,0.0,2025-08-01 23:30:50.180193
55,premium,9.99,2025-04-29 23:30:50.180194
56,premium,9.99,2026-03-04 23:30:50.180195
57,premium,0.0,2025-08-09 23:30:50.180196
58,free,0.0,2026-02-12 23:30:50.180197
59,free,0.0,2025-12-22 23:30:50.180198
60,premium,0.0,2026-01-24 23:30:50.180199
61,free,9.99,2025-11-19 23:30:50.180200
62,premium,0.0,2025-12-02 23:30:50.180201
63,free,0.0,2025-10-29 23:30:50.180202
64,family,14.99,2025-11-05 23:30:50.180203
65,free,0.0,2025-06-30 23:30:50.180203
66,free,9.99,2026-03-31 23:30:50.180205
67,free,0.0,2025-08-20 23:30:50.180206
68,premium,0.0,2025-06-28 23:30:50.180207
69,family,9.99,2026-02-08 23:30:50.180208
70,family,14.99,2025-10-18 23:30:50.180209
71,free,0.0,2025-09-15 23:30:50.180209
72,free,14.99,2025-10-05 23:30:50.180210
73,free,14.99,2026-03-02 23:30:50.180211
74,free,9.99,2026-01-02 23:30:50.180212
75,free,9.99,2026-03-16 23:30:50.180213
76,premium,9.99,2025-07-11 23:30:50.180214
77,premium,9.99,2025-08-28 23:30:50.180215
78,premium,9.99,2025-05-19 23:30:50.180216
79,premium,9.99,2026-03-30 23:30:50.180217
80,family,9.99,2025-11-04 23:30:50.180218
81,family,0.0,2025-07-10 23:30:50.180219
82,premium,0.0,2025-06-17 23:30:50.180220
83,premium,0.0,2025-06-06 23:30:50.180221
84,free,0.0,2025-12-22 23:30:50.180222
85,family,0.0,2026-01-07 23:30:50.180223
86,free,0.0,2025-06-25 23:30:50.180224
87,free,9.99,2025-11-13 23:30:50.180225
88,free,0.0,2025-10-08 23:30:50.180226
89,premium,0.0,2026-04-03 23:30:50.180227
90,free,9.99,2025-05-20 23:30:50.180228
91,family,9.99,2026-02-19 23:30:50.180229
92,free,0.0,2025-05-14 23:30:50.180230
93,premium,9.99,2026-02-03 23:30:50.180231
94,free,0.0,2025-06-24 23:30:50.180232
95,premium,0.0,2026-04-18 23:30:50.180233
96,free,0.0,2025-12-20 23:30:50.180234
97,free,9.99,2026-03-29 23:30:50.180236
98,premium,0.0,2025-11-22 23:30:50.180237
99,free,0.0,2025-08-19 23:30:50.180238
100,premium,0.0,2025-06-01 23:30:50.180238
101,premium,9.99,2026-01-08 23:30:50.180240
102,premium,9.99,2025-04-26 23:30:50.180240
103,premium,0.0,2025-09-19 23:30:50.180241
104,free,0.0,2025-06-25 23:30:50.180242
105,free,0.0,2025-11-12 23:30:50.180243
106,premium,0.0,2025-04-21 23:30:50.180244
107,family,0.0,2026-01-03 23:30:50.180245
108,premium,9.99,2025-07-06 23:30:50.180246
109,free,9.99,2026-03-12 23:30:50.180247
110,free,0.0,2025-11-21 23:30:50.180248
111,family,0.0,2025-08-24 23:30:50.180249
112,premium,9.99,2025-08-03 23:30:50.180250
113,premium,0.0,2026-03-23 23:30:50.180251
114,premium,9.99,2025-07-31 23:30:50.180252
115,family,9.99,2026-04-11 23:30:50.180253
116,premium,0.0,2025-12-19 23:30:50.180254
117,free,9.99,2025-05-15 23:30:50.180255
118,premium,9.99,2025-05-19 23:30:50.180256
119,free,0.0,2025-04-20 23:30:50.180257
120,premium,9.99,2026-03-23 23:30:50.180258
121,premium,0.0,2025-05-01 23:30:50.180259
122,free,0.0,2025-11-17 23:30:50.180260
123,premium,0.0,2025-04-19 23:30:50.180261
124,premium,0.0,2025-08-23 23:30:50.180262
125,free,9.99,2025-11-17 23:30:50.180263
126,premium,0.0,2025-07-25 23:30:50.180264
127,premium,0.0,2025-11-25 23:30:50.180265
128,free,9.99,2026-03-26 23:30:50.180266
129,premium,0.0,2025-06-17 23:30:50.180267
130,free,9.99,2025-05-14 23:30:50.180268
131,free,0.0,2025-06-13 23:30:50.180269
132,free,14.99,2025-05-30 23:30:50.180270
133,premium,0.0,2025-09-21 23:30:50.180271
134,premium,0.0,2025-06-28 23:30:50.180272
135,free,0.0,2026-02-28 23:30:50.180273
136,free,0.0,2025-04-20 23:30:50.180274
137,free,9.99,2025-09-29 23:30:50.180274
138,premium,0.0,2025-09-09 23:30:50.180275
139,premium,0.0,2025-04-20 23:30:50.180276
140,premium,9.99,2025-12-08 23:30:50.180277
141,family,0.0,2025-06-24 23:30:50.180278
142,premium,0.0,2025-04-28 23:30:50.180279
143,premium,0.0,2025-05-07 23:30:50.180280
144,free,9.99,2025-05-13 23:30:50.180281
145,premium,0.0,2025-12-25 23:30:50.180282
146,free,9.99,2025-10-02 23:30:50.180283
147,free,0.0,2025-09-24 23:30:50.180284
148,premium,9.99,2025-07-18 23:30:50.180285
149,free,14.99,2025-07-07 23:30:50.180286
150,premium,0.0,2025-05-26 23:30:50.180287
151,premium,14.99,2025-08-01 23:30:50.180288
152,free,9.99,2025-11-27 23:30:50.180289
153,free,0.0,2025-12-19 23:30:50.180290
154,premium,9.99,2025-05-17 23:30:50.180291
155,free,0.0,2025-09-22 23:30:50.180292
156,premium,0.0,2025-08-02 23:30:50.180293
157,free,0.0,2025-11-13 23:30:50.180293
158,free,0.0,2025-10-25 23:30:50.180294
159,premium,0.0,2025-12-25 23:30:50.180295
160,premium,14.99,2025-08-26 23:30:50.180296
161,free,0.0,2026-01-25 23:30:50.180297
162,premium,9.99,2026-01-27 23:30:50.180298
163,free,9.99,2025-11-02 23:30:50.180299
164,free,0.0,2025-11-23 23:30:50.180300
165,premium,0.0,2026-02-20 23:30:50.180301
166,premium,0.0,2025-12-17 23:30:50.180302
167,free,0.0,2026-04-13 23:30:50.180303
168,free,9.99,2025-08-27 23:30:50.180304
169,premium,9.99,2025-09-25 23:30:50.180304
170,family,9.99,2025-06-20 23:30:50.180305
171,free,0.0,2025-09-16 23:30:50.180306
172,premium,0.0,2025-06-22 23:30:50.180307
173,premium,0.0,2026-03-19 23:30:50.180308
174,premium,0.0,2025-12-03 23:30:50.180309
175,free,0.0,2025-10-21 23:30:50.180310
176,premium,0.0,2025-11-05 23:30:50.180311
177,free,0.0,2025-11-19 23:30:50.180312
178,premium,9.99,2026-04-11 23:30:50.180313
179,free,9.99,2025-10-17 23:30:50.180314
180,free,9.99,2025-06-12 23:30:50.180315
181,premium,9.99,2025-10-14 23:30:50.180316
182,free,9.99,2025-09-09 23:30:50.180317
183,free,0.0,2026-02-11 23:30:50.180318
184,premium,0.0,2025-11-24 23:30:50.180318
185,free,0.0,2025-11-07 23:30:50.180319
186,free,9.99,2026-01-05 23:30:50.180320
187,free,9.99,2026-04-02 23:30:50.180321
188,free,9.99,2025-11-08 23:30:50.180322
189,free,0.0,2025-06-11 23:30:50.180323
190,free,9.99,2025-09-20 23:30:50.180324
191,premium,0.0,2025-10-12 23:30:50.180325
192,free,0.0,2025-07-04 23:30:50.180326
193,free,0.0,2026-03-21 23:30:50.180327
194,premium,9.99,2025-12-28 23:30:50.180328
195,free,14.99,2025-06-01 23:30:50.180329
196,free,9.99,2025-11-25 23:30:50.180330
197,free,0.0,2025-09-23 23:30:50.180331
198,premium,0.0,2025-08-05 23:30:50.180331
199,free,14.99,2026-01-01 23:30:50.180332
200,family,9.99,2025-06-08 23:30:50.180333
201,premium,14.99,2025-09-25 23:30:50.180334
202,premium,9.99,2025-09-01 23:30:50.180335
203,premium,14.99,2025-05-14 23:30:50.180336
204,free,0.0,2025-11-19 23:30:50.180337
205,free,9.99,2026-01-11 23:30:50.180338
206,premium,0.0,2025-08-25 23:30:50.180339
207,free,0.0,2026-01-30 23:30:50.180340
208,premium,9.99,2026-01-20 23:30:50.180341
209,premium,0.0,2025-08-12 23:30:50.180342
210,free,9.99,2026-03-06 23:30:50.180343
211,free,0.0,2026-03-16 23:30:50.180344
212,family,9.99,2025-10-20 23:30:50.180344
213,premium,0.0,2026-01-01 23:30:50.180345
214,free,0.0,2025-05-26 23:30:50.180346
215,free,9.99,2026-02-06 23:30:50.180347
216,free,0.0,2026-01-09 23:30:50.180348
217,premium,9.99,2025-11-25 23:30:50.180349
218,premium,9.99,2025-06-14 23:30:50.180350
219,family,0.0,2025-09-03 23:30:50.180351
220,premium,9.99,2026-01-08 23:30:50.180352
221,free,9.99,2026-03-18 23:30:50.180353
222,premium,0.0,2025-06-05 23:30:50.180354
223,family,0.0,2026-02-01 23:30:50.180355
224,premium,0.0,2026-03-07 23:30:50.180356
225,free,0.0,2026-03-06 23:30:50.180357
226,premium,0.0,2025-04-26 23:30:50.180357
227,free,0.0,2026-04-03 23:30:50.180358
228,premium,0.0,2026-02-06 23:30:50.180359
229,premium,0.0,2025-04-29 23:30:50.180360
230,premium,0.0,2025-07-28 23:30:50.180361
231,free,0.0,2025-10-05 23:30:50.180362
232,premium,9.99,2025-11-02 23:30:50.180363
233,premium,9.99,2025-06-19 23:30:50.180364
234,premium,9.99,2025-05-01 23:30:50.180365
235,free,9.99,2025-10-12 23:30:50.180366
236,family,0.0,2025-12-26 23:30:50.180367
237,premium,0.0,2025-11-10 23:30:50.180368
238,premium,0.0,2025-08-27 23:30:50.180369
239,free,0.0,2025-07-31 23:30:50.180370
240,premium,0.0,2025-08-26 23:30:50.180371
241,premium,9.99,2026-02-14 23:30:50.180372
242,premium,0.0,2025-05-18 23:30:50.180373
243,premium,0.0,2025-10-27 23:30:50.180374
244,free,9.99,2025-05-12 23:30:50.180375
245,family,14.99,2026-01-25 23:30:50.180376
246,free,9.99,2025-09-06 23:30:50.180377
247,free,0.0,2026-03-01 23:30:50.180378
248,family,0.0,2026-01-18 23:30:50.180378
249,free,9.99,2026-03-23 23:30:50.180379
250,family,0.0,2025-10-04 23:30:50.180380
251,premium,0.0,2025-05-06 23:30:50.180381
252,family,9.99,2025-08-29 23:30:50.180382
253,premium,0.0,2025-08-16 23:30:50.180383
254,free,14.99,2026-01-17 23:30:50.180384
255,premium,0.0,2026-03-15 23:30:50.180385
256,premium,9.99,2025-05-27 23:30:50.180386
257,premium,0.0,2025-05-21 23:30:50.180387
258,family,0.0,2025-09-14 23:30:50.180388
259,premium,9.99,2026-03-16 23:30:50.180389
260,premium,9.99,2026-01-30 23:30:50.180390
261,premium,0.0,2025-09-27 23:30:50.180391
262,premium,9.99,2025-05-24 23:30:50.180392
263,premium,9.99,2025-11-06 23:30:50.180393
264,free,9.99,2026-04-16 23:30:50.180393
265,free,14.99,2026-04-13 23:30:50.180394
266,premium,9.99,2025-07-04 23:30:50.180395
267,free,0.0,2025-04-22 23:30:50.180396
268,free,9.99,2026-04-03 23:30:50.180397
269,free,0.0,2025-07-21 23:30:50.180398
270,premium,0.0,2025-09-19 23:30:50.180399
271,premium,9.99,2026-02-12 23:30:50.180400
272,free,9.99,2025-08-18 23:30:50.180401
273,premium,0.0,2026-01-07 23:30:50.180402
274,premium,0.0,2025-06-20 23:30:50.180403
275,premium,0.0,2025-11-17 23:30:50.180404
276,premium,9.99,2025-11-15 23:30:50.180405
277,premium,9.99,2025-09-18 23:30:50.180406
278,premium,9.99,2025-05-01 23:30:50.180407
279,free,9.99,2025-12-14 23:30:50.180408
280,free,9.99,2025-10-16 23:30:50.180409
281,premium,0.0,2025-09-26 23:30:50.180409
282,family,0.0,2025-08-26 23:30:50.180410
283,premium,0.0,2025-05-15 23:30:50.180411
284,free,9.99,2026-02-01 23:30:50.180412
285,free,9.99,2026-01-26 23:30:50.180413
286,family,0.0,2026-01-25 23:30:50.180414
287,family,0.0,2025-10-08 23:30:50.180415
288,family,0.0,2026-03-31 23:30:50.180416
289,family,9.99,2025-08-03 23:30:50.180417
290,premium,9.99,2026-02-07 23:30:50.180418
291,premium,9.99,2025-07-30 23:30:50.180419
292,free,0.0,2025-11-25 23:30:50.180420
293,premium,9.99,2025-09-21 23:30:50.180421
294,free,9.99,2025-11-07 23:30:50.180422
295,free,9.99,2025-08-14 23:30:50.180423
296,free,0.0,2025-10-05 23:30:50.180424
297,premium,9.99,2025-11-23 23:30:50.180424
298,premium,0.0,2025-10-13 23:30:50.180425
299,premium,0.0,2025-08-12 23:30:50.180426
300,premium,14.99,2025-06-07 23:30:50.180427
301,free,0.0,2025-12-28 23:30:50.180428
302,premium,9.99,2025-09-13 23:30:50.180429
303,premium,9.99,2025-11-13 23:30:50.180430
304,premium,0.0,2026-04-14 23:30:50.180431
305,premium,9.99,2025-09-07 23:30:50.180432
306,premium,0.0,2026-01-08 23:30:50.180433
307,premium,9.99,2025-07-21 23:30:50.180434
308,free,0.0,2025-11-26 23:30:50.180435
309,premium,0.0,2025-09-21 23:30:50.180436
310,premium,9.99,2025-08-23 23:30:50.180436
311,premium,9.99,2025-11-05 23:30:50.180437
312,free,9.99,2025-04-21 23:30:50.180438
313,family,9.99,2025-08-31 23:30:50.180439
314,free,9.99,2025-05-28 23:30:50.180440
315,free,0.0,2025-11-19 23:30:50.180441
316,premium,9.99,2025-10-25 23:30:50.180442
317,free,9.99,2025-09-11 23:30:50.180443
318,free,9.99,2025-05-13 23:30:50.180444
319,free,14.99,2025-10-21 23:30:50.180445
320,free,9.99,2025-05-12 23:30:50.180446
321,premium,9.99,2026-02-24 23:30:50.180447
322,free,9.99,2025-06-07 23:30:50.180448
323,free,0.0,2025-10-09 23:30:50.180449
324,family,9.99,2025-05-17 23:30:50.180450
325,premium,0.0,2025-05-23 23:30:50.180451
326,free,0.0,2026-03-16 23:30:50.180452
327,free,9.99,2025-11-30 23:30:50.180453
328,premium,9.99,2025-04-30 23:30:50.180453
329,free,9.99,2025-07-09 23:30:50.180455
330,premium,14.99,2025-06-12 23:30:50.180456
331,premium,0.0,2025-07-30 23:30:50.180457
332,free,0.0,2026-03-14 23:30:50.180458
333,premium,0.0,2025-07-20 23:30:50.180459
334,family,0.0,2025-04-26 23:30:50.180460
335,premium,0.0,2026-03-24 23:30:50.180461
336,free,14.99,2026-03-11 23:30:50.180462
337,free,14.99,2026-01-15 23:30:50.180463
338,premium,14.99,2026-04-16 23:30:50.180464
339,free,0.0,2025-11-27 23:30:50.180465
340,free,0.0,2025-08-13 23:30:50.180465
341,premium,14.99,2025-06-30 23:30:50.180466
342,free,9.99,2025-11-17 23:30:50.180467
343,free,0.0,2025-09-07 23:30:50.180468
344,premium,0.0,2025-10-14 23:30:50.180469
345,free,0.0,2025-07-17 23:30:50.180470
346,free,14.99,2026-04-11 23:30:50.180471
347,premium,0.0,2026-01-21 23:30:50.180472
348,free,0.0,2025-10-10 23:30:50.180473
349,free,9.99,2026-01-14 23:30:50.180474
350,free,0.0,2026-03-30 23:30:50.180475
351,free,0.0,2025-12-08 23:30:50.180476
352,free,0.0,2025-07-27 23:30:50.180477
353,free,0.0,2025-07-19 23:30:50.180478
354,free,9.99,2025-10-23 23:30:50.180479
355,free,14.99,2026-04-05 23:30:50.180480
356,free,9.99,2026-02-12 23:30:50.180480
357,family,9.99,2025-06-10 23:30:50.180481
358,free,0.0,2025-06-04 23:30:50.180482
359,free,9.99,2025-09-09 23:30:50.180483
360,free,9.99,2026-02-07 23:30:50.180484
361,premium,0.0,2025-10-31 23:30:50.180485
362,free,9.99,2026-03-06 23:30:50.180486
363,free,9.99,2026-02-05 23:30:50.180487
364,family,9.99,2025-09-16 23:30:50.180488
365,free,0.0,2026-02-20 23:30:50.180489
366,premium,9.99,2026-02-05 23:30:50.180490
367,free,9.99,2026-03-14 23:30:50.180491
368,premium,9.99,2025-07-27 23:30:50.180492
369,premium,9.99,2026-01-29 23:30:50.180493
370,premium,9.99,2025-05-12 23:30:50.180494
371,free,0.0,2025-11-07 23:30:50.180495
372,free,9.99,2025-12-17 23:30:50.180495
373,premium,14.99,2025-12-04 23:30:50.180496
374,premium,9.99,2025-11-13 23:30:50.180497
375,free,9.99,2026-01-17 23:30:50.180498
376,free,9.99,2025-05-15 23:30:50.180499
377,free,9.99,2025-10-27 23:30:50.180500
378,free,9.99,2025-09-11 23:30:50.180501
379,free,0.0,2025-05-13 23:30:50.180502
380,premium,14.99,2025-10-25 23:30:50.180503
381,family,0.0,2025-11-26 23:30:50.180504
382,free,0.0,2026-01-20 23:30:50.180505
383,premium,0.0,2026-01-14 23:30:50.180506
384,free,0.0,2025-06-19 23:30:50.180507
385,free,9.99,2025-07-25 23:30:50.180508
386,free,0.0,2026-03-31 23:30:50.180509
387,premium,9.99,2026-01-10 23:30:50.180509
388,free,0.0,2025-05-13 23:30:50.180510
389,premium,0.0,2025-04-30 23:30:50.180511
390,premium,9.99,2025-06-10 23:30:50.180512
391,free,0.0,2025-08-02 23:30:50.180513
392,premium,9.99,2026-04-08 23:30:50.180514
393,free,0.0,2025-08-02 23:30:50.180515
394,premium,0.0,2025-04-26 23:30:50.180516
395,premium,9.99,2025-07-17 23:30:50.180517
396,premium,0.0,2025-06-23 23:30:50.180518
397,premium,0.0,2025-05-13 23:30:50.180519
398,premium,9.99,2026-01-23 23:30:50.180520
399,free,0.0,2025-06-16 23:30:50.180521
400,free,0.0,2026-01-23 23:30:50.180522
401,premium,0.0,2025-05-25 23:30:50.180523
402,free,0.0,2025-11-05 23:30:50.180524
403,free,0.0,2025-05-09 23:30:50.180525
404,free,9.99,2025-11-19 23:30:50.180526
405,free,0.0,2026-01-09 23:30:50.180527
406,free,9.99,2026-03-30 23:30:50.180528
407,premium,0.0,2026-03-22 23:30:50.180529
408,free,0.0,2025-08-02 23:30:50.180530
409,free,0.0,2025-08-12 23:30:50.180531
410,premium,9.99,2025-08-31 23:30:50.180532
411,premium,14.99,2026-01-19 23:30:50.180533
412,premium,9.99,2025-11-17 23:30:50.180534
413,free,14.99,2025-05-19 23:30:50.180535
414,premium,0.0,2025-07-31 23:30:50.180536
415,free,14.99,2025-04-20 23:30:50.180537
416,premium,0.0,2025-07-11 23:30:50.180538
417,free,0.0,2026-01-18 23:30:50.180539
418,free,9.99,2026-03-19 23:30:50.180539
419,free,9.99,2025-12-08 23:30:50.180540
420,family,0.0,2026-01-09 23:30:50.180541
421,premium,9.99,2025-07-17 23:30:50.180542
422,free,9.99,2025-07-15 23:30:50.180543
423,premium,9.99,2025-09-07 23:30:50.180544
424,free,0.0,2025-08-11 23:30:50.180545
425,free,9.99,2026-04-03 23:30:50.180546
426,premium,0.0,2026-04-09 23:30:50.180547
427,premium,9.99,2025-05-10 23:30:50.180548
428,free,9.99,2025-09-24 23:30:50.180549
429,free,0.0,2026-03-11 23:30:50.180550
430,free,9.99,2026-02-16 23:30:50.180551
431,free,9.99,2025-08-20 23:30:50.180552
432,free,9.99,2025-07-21 23:30:50.180553
433,free,0.0,2025-06-15 23:30:50.180554
434,premium,0.0,2026-04-17 23:30:50.180555
435,premium,9.99,2026-03-07 23:30:50.180555
436,free,9.99,2026-01-05 23:30:50.180556
437,premium,0.0,2026-02-23 23:30:50.180557
438,free,0.0,2025-12-07 23:30:50.180558
439,premium,0.0,2025-09-13 23:30:50.180559
440,free,9.99,2025-05-01 23:30:50.180560
441,free,0.0,2025-09-09 23:30:50.180561
442,free,9.99,2025-10-10 23:30:50.180562
443,free,0.0,2025-08-24 23:30:50.180563
444,free,0.0,2025-08-30 23:30:50.180564
445,free,0.0,2025-10-19 23:30:50.180565
446,free,0.0,2025-12-17 23:30:50.180566
447,free,14.99,2025-10-01 23:30:50.180567
448,free,0.0,2026-02-19 23:30:50.180568
449,family,9.99,2025-11-19 23:30:50.180569
450,premium,9.99,2025-08-18 23:30:50.180570
451,premium,0.0,2025-05-28 23:30:50.180571
452,premium,0.0,2025-10-07 23:30:50.180572
453,family,14.99,2026-04-11 23:30:50.180573
454,free,0.0,2025-06-16 23:30:50.180573
455,premium,14.99,2026-02-13 23:30:50.180574
456,free,0.0,2025-06-12 23:30:50.180575
457,free,9.99,2026-03-01 23:30:50.180576
458,premium,0.0,2026-02-18 23:30:50.180577
459,premium,0.0,2025-04-28 23:30:50.180578
460,premium,0.0,2025-12-26 23:30:50.180579
461,free,0.0,2026-01-11 23:30:50.180580
462,family,9.99,2026-02-25 23:30:50.180581
463,premium,0.0,2025-12-20 23:30:50.180582
464,family,0.0,2026-02-05 23:30:50.180583
465,family,9.99,2025-05-19 23:30:50.180584
466,free,9.99,2026-03-19 23:30:50.180585
467,family,9.99,2025-10-11 23:30:50.180586
468,free,9.99,2026-02-19 23:30:50.180587
469,free,9.99,2025-06-01 23:30:50.180588
470,free,0.0,2026-01-13 23:30:50.180589
471,free,9.99,2025-04-18 23:30:50.180590
472,free,0.0,2025-04-24 23:30:50.180591
473,free,0.0,2026-01-15 23:30:50.180592
474,free,0.0,2025-05-04 23:30:50.180593
475,free,14.99,2025-04-25 23:30:50.180594
476,free,9.99,2026-01-10 23:30:50.180595
477,premium,0.0,2026-03-12 23:30:50.180596
478,free,14.99,2025-12-03 23:30:50.180597
479,free,9.99,2025-10-27 23:30:50.180598
480,free,0.0,2025-07-12 23:30:50.180599
481,premium,9.99,2025-09-18 23:30:50.180599
482,free,0.0,2026-02-10 23:30:50.180600
483,premium,0.0,2025-11-18 23:30:50.180601
484,free,0.0,2025-09-07 23:30:50.180602
485,premium,0.0,2026-03-30 23:30:50.180603
486,premium,14.99,2025-10-23 23:30:50.180604
487,free,0.0,2025-06-02 23:30:50.180605
488,premium,9.99,2026-01-19 23:30:50.180606
489,premium,9.99,2025-04-18 23:30:50.180607
490,premium,0.0,2025-05-25 23:30:50.180608
491,premium,9.99,2025-05-05 23:30:50.180609
492,free,0.0,2025-05-28 23:30:50.180610
493,premium,0.0,2026-01-02 23:30:50.180611
494,premium,0.0,2025-07-05 23:30:50.180612
495,premium,0.0,2025-11-10 23:30:50.180613
496,family,0.0,2026-04-13 23:30:50.180614
497,free,0.0,2025-10-17 23:30:50.180615
498,family,9.99,2025-11-21 23:30:50.180615
499,free,14.99,2025-07-16 23:30:50.180616
500,free,0.0,2025-04-23 23:30:50.180617
501,free,14.99,2025-08-08 23:30:50.180618
502,free,9.99,2025-06-09 23:30:50.180619
503,free,0.0,2025-05-08 23:30:50.180620
504,free,9.99,2026-03-24 23:30:50.180621
505,premium,9.99,2025-10-25 23:30:50.180622
506,premium,0.0,2025-05-08 23:30:50.180623
507,free,9.99,2026-01-10 23:30:50.180624
508,free,0.0,2025-12-14 23:30:50.180625
509,premium,0.0,2025-11-07 23:30:50.180626
510,premium,0.0,2026-04-15 23:30:50.180627
511,premium,0.0,2026-02-01 23:30:50.180628
512,free,9.99,2025-11-05 23:30:50.180629
513,family,14.99,2026-01-22 23:30:50.180630
514,premium,0.0,2025-11-18 23:30:50.180631
515,premium,9.99,2025-07-29 23:30:50.180632
516,premium,9.99,2025-10-14 23:30:50.180633
517,premium,0.0,2025-07-30 23:30:50.180634
518,free,9.99,2025-10-02 23:30:50.180636
519,free,0.0,2025-09-04 23:30:50.180637
520,free,9.99,2025-08-03 23:30:50.180638
521,premium,9.99,2025-12-19 23:30:50.180639
522,premium,14.99,2025-06-23 23:30:50.180640
523,premium,0.0,2026-01-06 23:30:50.180641
524,free,9.99,2025-09-06 23:30:50.180642
525,premium,14.99,2025-09-15 23:30:50.180643
526,premium,0.0,2026-01-04 23:30:50.180644
527,free,9.99,2025-09-28 23:30:50.180645
528,premium,9.99,2026-03-07 23:30:50.180646
529,family,9.99,2026-03-13 23:30:50.180647
530,premium,0.0,2026-04-05 23:30:50.180647
531,family,0.0,2025-06-15 23:30:50.180648
532,free,9.99,2025-11-12 23:30:50.180649
533,premium,9.99,2025-08-02 23:30:50.180650
534,premium,0.0,2025-07-12 23:30:50.180651
535,free,9.99,2025-08-04 23:30:50.180652
536,free,0.0,2025-07-11 23:30:50.180653
537,premium,0.0,2026-03-12 23:30:50.180654
538,premium,0.0,2025-07-03 23:30:50.180655
539,premium,9.99,2026-03-29 23:30:50.180656
540,free,9.99,2025-10-23 23:30:50.180657
541,premium,0.0,2025-06-25 23:30:50.180658
542,free,9.99,2026-02-17 23:30:50.180659
543,free,14.99,2025-06-27 23:30:50.180660
544,family,9.99,2025-10-22 23:30:50.180661
545,premium,9.99,2025-09-25 23:30:50.180662
546,premium,0.0,2026-03-14 23:30:50.180663
547,free,0.0,2026-01-02 23:30:50.180664
548,premium,0.0,2025-06-12 23:30:50.180665
549,free,9.99,2025-09-30 23:30:50.180666
550,premium,0.0,2025-06-30 23:30:50.180667
551,free,9.99,2026-02-12 23:30:50.180668
552,premium,0.0,2025-09-03 23:30:50.180669
553,free,14.99,2026-03-17 23:30:50.180670
554,free,9.99,2025-10-18 23:30:50.180670
555,premium,9.99,2026-02-16 23:30:50.180671
556,family,9.99,2025-08-14 23:30:50.180672
557,free,9.99,2026-01-05 23:30:50.180673
558,free,0.0,2026-01-21 23:30:50.180674
559,free,0.0,2025-06-20 23:30:50.180675
560,free,0.0,2025-09-30 23:30:50.180676
561,premium,0.0,2025-04-28 23:30:50.180677
562,premium,0.0,2025-12-16 23:30:50.180678
563,free,0.0,2025-12-23 23:30:50.180679
564,premium,9.99,2025-11-05 23:30:50.180680
565,free,14.99,2026-03-13 23:30:50.180681
566,free,0.0,2025-12-03 23:30:50.180682
567,free,9.99,2025-08-17 23:30:50.180683
568,premium,0.0,2025-10-03 23:30:50.180683
569,premium,0.0,2025-05-19 23:30:50.180684
570,family,9.99,2025-12-22 23:30:50.180685
571,premium,0.0,2025-06-14 23:30:50.180686
572,free,9.99,2026-02-22 23:30:50.180687
573,free,0.0,2026-02-26 23:30:50.180688
574,free,9.99,2025-12-20 23:30:50.180689
575,free,9.99,2025-09-12 23:30:50.180690
576,free,0.0,2025-08-14 23:30:50.180691
577,premium,0.0,2026-03-25 23:30:50.180692
578,free,9.99,2025-04-20 23:30:50.180693
579,free,0.0,2025-08-18 23:30:50.180694
580,free,9.99,2026-03-29 23:30:50.180695
581,premium,14.99,2026-02-10 23:30:50.180696
582,free,0.0,2025-05-29 23:30:50.180697
583,free,9.99,2025-08-09 23:30:50.180698
584,premium,14.99,2025-07-20 23:30:50.180699
585,premium,0.0,2025-09-21 23:30:50.180700
586,premium,0.0,2026-01-08 23:30:50.180700
587,family,9.99,2026-01-23 23:30:50.180701
588,premium,14.99,2025-06-14 23:30:50.180702
589,premium,0.0,2025-07-03 23:30:50.180703
590,free,9.99,2026-03-06 23:30:50.180704
591,free,0.0,2025-06-26 23:30:50.180705
592,premium,0.0,2025-10-10 23:30:50.180706
593,free,9.99,2025-07-21 23:30:50.180707
594,premium,0.0,2025-10-03 23:30:50.180708
595,premium,9.99,2025-07-13 23:30:50.180709
596,premium,9.99,2025-09-21 23:30:50.180710
597,free,0.0,2026-02-02 23:30:50.180711
598,free,9.99,2025-11-16 23:30:50.180712
599,free,9.99,2025-10-24 23:30:50.180713
600,free,0.0,2025-12-12 23:30:50.180714
601,premium,0.0,2025-05-25 23:30:50.180715
602,free,0.0,2025-10-31 23:30:50.180716
603,free,0.0,2025-07-19 23:30:50.180717
604,premium,14.99,2025-10-17 23:30:50.180718
605,free,0.0,2025-10-03 23:30:50.180719
606,free,0.0,2025-12-18 23:30:50.180719
607,premium,9.99,2026-01-19 23:30:50.180720
608,free,14.99,2025-10-05 23:30:50.180721
609,free,9.99,2025-05-02 23:30:50.180722
610,free,0.0,2025-09-05 23:30:50.180723
611,premium,0.0,2025-08-27 23:30:50.180724
612,premium,9.99,2025-10-18 23:30:50.180725
613,premium,0.0,2025-08-04 23:30:50.180726
614,family,9.99,2025-07-14 23:30:50.180727
615,family,9.99,2025-07-24 23:30:50.180728
616,premium,0.0,2026-03-12 23:30:50.180729
617,premium,0.0,2025-12-20 23:30:50.180730
618,free,9.99,2025-05-01 23:30:50.180731
619,premium,0.0,2026-04-12 23:30:50.180732
620,premium,0.0,2025-11-13 23:30:50.180733
621,premium,14.99,2025-06-09 23:30:50.180734
622,premium,0.0,2025-05-07 23:30:50.180734
623,free,0.0,2025-12-05 23:30:50.180735
624,premium,9.99,2025-06-24 23:30:50.180736
625,premium,9.99,2026-03-31 23:30:50.180737
626,free,14.99,2025-10-09 23:30:50.180738
627,premium,9.99,2025-11-17 23:30:50.180739
628,free,14.99,2025-04-18 23:30:50.180740
629,premium,9.99,2025-07-28 23:30:50.180741
630,free,0.0,2025-10-07 23:30:50.180742
631,family,9.99,2026-02-06 23:30:50.180743
632,premium,0.0,2025-10-07 23:30:50.180744
633,premium,0.0,2026-02-18 23:30:50.180745
634,premium,14.99,2025-09-23 23:30:50.180746
635,free,14.99,2026-02-20 23:30:50.180747
636,family,9.99,2025-11-09 23:30:50.180748
637,free,0.0,2025-10-25 23:30:50.180749
638,premium,14.99,2025-08-12 23:30:50.180750
639,free,0.0,2025-12-12 23:30:50.180751
640,free,0.0,2026-02-13 23:30:50.180751
641,free,0.0,2026-01-22 23:30:50.180752
642,family,0.0,2026-04-02 23:30:50.180753
643,free,0.0,2025-11-03 23:30:50.180754
644,premium,0.0,2026-01-26 23:30:50.180755
645,free,0.0,2025-06-17 23:30:50.180756
646,premium,0.0,2026-02-25 23:30:50.180757
647,free,9.99,2025-12-01 23:30:50.180758
648,free,0.0,2025-11-16 23:30:50.180759
649,free,9.99,2026-02-18 23:30:50.180760
650,premium,0.0,2025-11-01 23:30:50.180761
651,free,0.0,2025-09-25 23:30:50.180762
652,family,9.99,2026-04-12 23:30:50.180763
653,free,0.0,2025-09-29 23:30:50.180764
654,free,14.99,2025-12-12 23:30:50.180765
655,free,9.99,2026-01-27 23:30:50.180766
656,free,9.99,2026-04-12 23:30:50.180767
657,free,9.99,2025-07-18 23:30:50.180767
658,premium,0.0,2025-05-27 23:30:50.180768
659,family,9.99,2026-04-02 23:30:50.180769
660,free,14.99,2025-08-15 23:30:50.180770
661,free,0.0,2026-02-22 23:30:50.180771
662,free,0.0,2025-05-04 23:30:50.180772
663,free,0.0,2026-02-20 23:30:50.180773
664,free,9.99,2025-11-30 23:30:50.180774
665,free,9.99,2025-05-02 23:30:50.180775
666,premium,0.0,2025-05-13 23:30:50.180776
667,free,0.0,2025-08-01 23:30:50.180777
668,free,9.99,2026-02-12 23:30:50.180778
669,premium,0.0,2025-11-17 23:30:50.180779
670,premium,0.0,2026-01-05 23:30:50.180780
671,free,9.99,2025-05-02 23:30:50.180781
672,premium,14.99,2025-07-19 23:30:50.180782
673,free,9.99,2025-06-07 23:30:50.180783
674,premium,0.0,2025-10-04 23:30:50.180784
675,family,0.0,2025-08-04 23:30:50.180785
676,family,0.0,2025-04-26 23:30:50.180786
677,family,0.0,2025-10-16 23:30:50.180787
678,premium,0.0,2025-06-08 23:30:50.180788
679,premium,0.0,2025-09-14 23:30:50.180789
680,free,0.0,2026-03-25 23:30:50.180790
681,free,0.0,2025-11-17 23:30:50.180791
682,free,9.99,2025-06-16 23:30:50.180792
683,premium,9.99,2025-11-27 23:30:50.180793
684,premium,14.99,2025-08-29 23:30:50.180793
685,premium,0.0,2025-05-02 23:30:50.180794
686,premium,14.99,2025-06-30 23:30:50.180795
687,premium,0.0,2025-11-27 23:30:50.180796
688,free,9.99,2026-01-10 23:30:50.180797
689,free,0.0,2025-07-03 23:30:50.180798
690,family,9.99,2025-06-15 23:30:50.180799
691,free,9.99,2025-12-22 23:30:50.180800
692,free,0.0,2026-03-29 23:30:50.180801
693,free,9.99,2025-07-21 23:30:50.180802
694,free,0.0,2025-04-23 23:30:50.180803
695,premium,0.0,2025-08-07 23:30:50.180804
696,premium,9.99,2025-05-20 23:30:50.180805
697,free,0.0,2025-11-04 23:30:50.180806
698,family,14.99,2026-01-28 23:30:50.180807
699,premium,9.99,2025-06-23 23:30:50.180808
700,free,9.99,2026-04-16 23:30:50.180809
701,premium,14.99,2025-11-20 23:30:50.180810
702,premium,9.99,2025-12-02 23:30:50.180810
703,free,0.0,2026-02-01 23:30:50.180811
704,free,9.99,2025-10-04 23:30:50.180812
705,free,14.99,2025-07-25 23:30:50.180813
706,free,0.0,2025-12-06 23:30:50.180814
707,free,0.0,2025-05-05 23:30:50.180815
708,family,0.0,2025-12-27 23:30:50.180816
709,free,0.0,2025-12-14 23:30:50.180817
710,family,0.0,2025-12-20 23:30:50.180818
711,family,0.0,2025-09-15 23:30:50.180819
712,premium,0.0,2026-01-22 23:30:50.180820
713,premium,0.0,2025-04-28 23:30:50.180821
714,free,9.99,2025-10-25 23:30:50.180822
715,free,0.0,2025-08-05 23:30:50.180823
716,premium,9.99,2025-07-15 23:30:50.180824
717,free,9.99,2025-05-11 23:30:50.180825
718,premium,0.0,2025-06-13 23:30:50.180826
719,premium,9.99,2025-07-07 23:30:50.180827
720,premium,9.99,2025-12-16 23:30:50.180828
721,free,14.99,2025-05-19 23:30:50.180829
722,premium,0.0,2026-03-18 23:30:50.180830
723,free,0.0,2025-12-23 23:30:50.180831
724,premium,14.99,2025-11-08 23:30:50.180832
725,premium,14.99,2025-07-29 23:30:50.180833
726,free,9.99,2026-02-02 23:30:50.180834
727,family,9.99,2025-05-19 23:30:50.180835
728,free,9.99,2025-06-15 23:30:50.180836
729,premium,9.99,2025-05-09 23:30:50.180837
730,premium,0.0,2025-12-01 23:30:50.180837
731,premium,9.99,2026-01-04 23:30:50.180838
732,free,14.99,2026-03-31 23:30:50.180839
733,free,0.0,2025-07-13 23:30:50.180840
734,free,14.99,2025-05-20 23:30:50.180841
735,premium,0.0,2026-01-17 23:30:50.180842
736,free,0.0,2025-07-04 23:30:50.180843
737,free,9.99,2026-01-04 23:30:50.180844
738,premium,0.0,2025-10-03 23:30:50.180845
739,premium,0.0,2025-09-09 23:30:50.180846
740,free,9.99,2025-07-30 23:30:50.180847
741,family,0.0,2025-07-08 23:30:50.180848
742,premium,14.99,2025-11-04 23:30:50.180849
743,free,9.99,2025-09-19 23:30:50.180850
744,premium,0.0,2025-12-19 23:30:50.180851
745,free,0.0,2026-02-18 23:30:50.180852
746,premium,9.99,2025-10-28 23:30:50.180853
747,free,14.99,2025-10-25 23:30:50.180853
748,free,9.99,2025-12-08 23:30:50.180854
749,free,0.0,2026-02-13 23:30:50.180855
750,family,0.0,2026-02-16 23:30:50.180856
751,free,0.0,2025-12-16 23:30:50.180857
752,premium,9.99,2026-02-28 23:30:50.180858
753,premium,9.99,2026-03-17 23:30:50.180859
754,premium,0.0,2025-05-01 23:30:50.180860
755,free,9.99,2025-07-16 23:30:50.180861
756,free,14.99,2025-07-23 23:30:50.180862
757,free,0.0,2026-04-08 23:30:50.180863
758,family,9.99,2025-06-20 23:30:50.180864
759,free,9.99,2025-09-06 23:30:50.180865
760,premium,0.0,2026-02-24 23:30:50.180866
761,family,0.0,2025-10-17 23:30:50.180867
762,free,9.99,2026-04-07 23:30:50.180868
763,free,0.0,2025-08-11 23:30:50.180869
764,family,9.99,2025-09-01 23:30:50.180870
765,premium,0.0,2026-03-02 23:30:50.180871
766,premium,9.99,2025-10-13 23:30:50.180871
767,premium,9.99,2025-08-25 23:30:50.180872
768,free,0.0,2025-10-06 23:30:50.180873
769,premium,0.0,2025-05-20 23:30:50.180874
770,free,9.99,2025-08-20 23:30:50.180875
771,premium,0.0,2026-03-06 23:30:50.180876
772,free,9.99,2025-12-21 23:30:50.180877
773,family,0.0,2025-07-11 23:30:50.180878
774,free,0.0,2025-12-11 23:30:50.180879
775,free,0.0,2025-05-22 23:30:50.180880
776,free,0.0,2026-03-29 23:30:50.180881
777,free,14.99,2025-12-12 23:30:50.180882
778,family,14.99,2025-05-23 23:30:50.180883
779,free,0.0,2025-07-18 23:30:50.180884
780,premium,0.0,2025-12-08 23:30:50.180885
781,free,0.0,2025-10-19 23:30:50.180886
782,premium,9.99,2025-10-18 23:30:50.180887
783,premium,9.99,2026-02-19 23:30:50.180888
784,free,9.99,2026-02-18 23:30:50.180889
785,premium,0.0,2026-03-22 23:30:50.180890
786,family,9.99,2025-12-04 23:30:50.180891
787,free,9.99,2025-10-02 23:30:50.180892
788,premium,9.99,2026-02-18 23:30:50.180893
789,free,9.99,2026-04-06 23:30:50.180894
790,free,14.99,2025-09-30 23:30:50.180894
791,family,0.0,2026-01-23 23:30:50.180895
792,premium,0.0,2025-11-03 23:30:50.180896
793,free,9.99,2026-02-03 23:30:50.180897
794,free,0.0,2025-10-11 23:30:50.180898
795,family,0.0,2026-02-21 23:30:50.180899
796,family,0.0,2025-10-10 23:30:50.180900
797,free,14.99,2025-05-30 23:30:50.180901
798,premium,0.0,2026-01-03 23:30:50.180902
799,premium,14.99,2025-10-08 23:30:50.180903
800,free,14.99,2025-07-20 23:30:50.180904
801,free,14.99,2025-05-07 23:30:50.180905
802,premium,9.99,2025-06-24 23:30:50.180906
803,free,14.99,2025-11-24 23:30:50.180907
804,free,0.0,2025-07-24 23:30:50.180908
805,free,0.0,2026-04-05 23:30:50.180909
806,free,14.99,2025-08-04 23:30:50.180910
807,family,9.99,2026-04-15 23:30:50.180910
808,premium,14.99,2025-04-30 23:30:50.180911
809,premium,9.99,2026-04-17 23:30:50.180912
810,free,0.0,2026-04-02 23:30:50.180913
811,free,0.0,2025-07-05 23:30:50.180914
812,free,14.99,2025-06-27 23:30:50.180915
813,premium,9.99,2025-11-30 23:30:50.180916
814,premium,9.99,2026-01-01 23:30:50.180917
815,free,0.0,2025-06-12 23:30:50.180918
816,family,0.0,2025-10-12 23:30:50.180919
817,premium,9.99,2025-05-02 23:30:50.180920
818,premium,9.99,2025-10-26 23:30:50.180921
819,free,9.99,2026-01-08 23:30:50.180922
820,premium,0.0,2025-10-05 23:30:50.180923
821,free,0.0,2025-09-21 23:30:50.180924
822,premium,9.99,2025-12-24 23:30:50.180925
823,free,0.0,2025-11-28 23:30:50.180926
824,free,0.0,2025-09-18 23:30:50.180926
825,free,0.0,2025-07-19 23:30:50.180927
826,free,9.99,2026-01-30 23:30:50.180928
827,free,9.99,2025-09-06 23:30:50.180929
828,premium,0.0,2025-09-24 23:30:50.180930
829,premium,0.0,2025-12-12 23:30:50.180931
830,premium,9.99,2026-03-30 23:30:50.180932
831,premium,9.99,2025-11-11 23:30:50.180933
832,free,14.99,2025-12-08 23:30:50.180934
833,premium,0.0,2025-06-16 23:30:50.180935
834,premium,0.0,2026-02-10 23:30:50.180936
835,free,9.99,2025-05-20 23:30:50.180937
836,free,9.99,2026-04-06 23:30:50.180938
837,premium,0.0,2025-08-12 23:30:50.180939
838,free,9.99,2025-04-22 23:30:50.180940
839,free,0.0,2025-07-26 23:30:50.180941
840,family,14.99,2025-10-15 23:30:50.180942
841,premium,9.99,2025-12-09 23:30:50.180943
842,premium,9.99,2026-01-16 23:30:50.180943
843,premium,14.99,2026-04-02 23:30:50.180944
844,premium,0.0,2025-09-19 23:30:50.180945
845,free,0.0,2025-07-15 23:30:50.180946
846,premium,9.99,2026-01-01 23:30:50.180947
847,family,9.99,2025-07-31 23:30:50.180948
848,free,0.0,2025-10-31 23:30:50.180949
849,free,9.99,2025-06-30 23:30:50.180950
850,free,0.0,2025-05-06 23:30:50.180951
851,premium,0.0,2026-01-15 23:30:50.180952
852,free,9.99,2025-06-11 23:30:50.180953
853,free,9.99,2025-11-29 23:30:50.180954
854,premium,9.99,2026-04-08 23:30:50.180955
855,free,9.99,2025-11-03 23:30:50.180956
856,family,9.99,2025-12-30 23:30:50.180957
857,free,9.99,2025-06-09 23:30:50.180958
858,premium,9.99,2025-06-16 23:30:50.180961
859,family,14.99,2025-08-03 23:30:50.180962
860,free,9.99,2026-03-18 23:30:50.180963
861,premium,0.0,2025-09-19 23:30:50.180963
862,free,9.99,2025-10-20 23:30:50.180964
863,family,0.0,2026-04-15 23:30:50.180965
864,free,0.0,2025-09-15 23:30:50.180966
865,premium,0.0,2025-05-12 23:30:50.180967
866,free,9.99,2026-03-21 23:30:50.180968
867,family,9.99,2025-07-15 23:30:50.180969
868,premium,9.99,2025-06-29 23:30:50.180970
869,premium,0.0,2026-02-25 23:30:50.180971
870,free,9.99,2025-07-25 23:30:50.180972
871,premium,0.0,2026-03-24 23:30:50.180973
872,family,14.99,2025-08-21 23:30:50.180974
873,free,0.0,2025-08-09 23:30:50.180975
874,premium,9.99,2025-12-23 23:30:50.180976
875,free,14.99,2025-08-20 23:30:50.180977
876,premium,9.99,2026-03-10 23:30:50.180978
877,premium,9.99,2025-06-01 23:30:50.180978
878,free,9.99,2025-10-10 23:30:50.180979
879,free,9.99,2025-11-14 23:30:50.180980
880,premium,0.0,2025-12-06 23:30:50.180981
881,premium,9.99,2025-04-25 23:30:50.180982
882,family,0.0,2025-11-25 23:30:50.180983
883,premium,0.0,2025-05-08 23:30:50.180984
884,free,0.0,2025-08-02 23:30:50.180985
885,premium,0.0,2025-11-28 23:30:50.180986
886,premium,0.0,2025-06-15 23:30:50.180987
887,free,9.99,2026-03-31 23:30:50.180988
888,premium,0.0,2026-04-03 23:30:50.180989
889,free,0.0,2026-02-16 23:30:50.180990
890,family,0.0,2025-11-03 23:30:50.180991
891,premium,14.99,2025-10-12 23:30:50.180991
892,free,0.0,2025-12-02 23:30:50.180992
893,free,9.99,2026-04-01 23:30:50.180993
894,free,9.99,2026-03-15 23:30:50.180994
895,free,0.0,2025-07-21 23:30:50.180995
896,free,0.0,2025-08-29 23:30:50.180996
897,free,9.99,2025-10-28 23:30:50.180997
898,free,0.0,2025-09-13 23:30:50.180998
899,free,0.0,2025-12-25 23:30:50.180999
900,family,9.99,2025-07-24 23:30:50.181000
901,free,0.0,2025-06-03 23:30:50.181001
902,premium,0.0,2025-12-15 23:30:50.181002
903,premium,9.99,2026-04-07 23:30:50.181003
904,premium,0.0,2026-03-11 23:30:50.181003
905,free,0.0,2025-09-10 23:30:50.181004
906,premium,9.99,2026-03-10 23:30:50.181005
907,free,9.99,2026-02-11 23:30:50.181006
908,premium,9.99,2026-03-04 23:30:50.181007
909,premium,9.99,2025-06-28 23:30:50.181008
910,family,9.99,2025-11-18 23:30:50.181009
911,free,0.0,2025-08-21 23:30:50.181010
912,free,0.0,2025-08-08 23:30:50.181011
913,free,9.99,2025-10-04 23:30:50.181012
914,premium,9.99,2025-12-06 23:30:50.181013
915,premium,0.0,2025-12-06 23:30:50.181014
916,premium,9.99,2025-12-24 23:30:50.181014
917,premium,0.0,2025-06-30 23:30:50.181015
918,free,0.0,2025-08-06 23:30:50.181016
919,family,0.0,2025-07-10 23:30:50.181017
920,free,14.99,2025-05-22 23:30:50.181018
921,free,14.99,2025-05-18 23:30:50.181019
922,free,9.99,2025-07-18 23:30:50.181020
923,free,9.99,2026-01-02 23:30:50.181021
924,premium,0.0,2025-10-14 23:30:50.181022
925,family,9.99,2025-12-27 23:30:50.181023
926,free,14.99,2025-07-14 23:30:50.181024
927,free,9.99,2025-11-27 23:30:50.181025
928,premium,9.99,2026-02-18 23:30:50.181026
929,free,9.99,2025-04-29 23:30:50.181027
930,free,9.99,2025-05-24 23:30:50.181028
931,family,0.0,2025-04-25 23:30:50.181029
932,family,0.0,2025-11-22 23:30:50.181030
933,free,0.0,2026-01-09 23:30:50.181031
934,family,0.0,2025-11-15 23:30:50.181032
935,free,9.99,2025-09-10 23:30:50.181033
936,premium,0.0,2025-05-15 23:30:50.181034
937,free,9.99,2025-09-17 23:30:50.181035
938,premium,0.0,2025-10-12 23:30:50.181036
939,premium,0.0,2025-07-08 23:30:50.181036
940,premium,9.99,2026-03-06 23:30:50.181037
941,premium,9.99,2025-06-01 23:30:50.181038
942,premium,0.0,2025-04-25 23:30:50.181039
943,free,9.99,2025-08-04 23:30:50.181040
944,free,9.99,2025-08-16 23:30:50.181041
945,premium,0.0,2026-01-14 23:30:50.181042
946,free,14.99,2026-02-13 23:30:50.181043
947,family,0.0,2026-04-01 23:30:50.181044
948,free,0.0,2025-09-11 23:30:50.181045
949,free,0.0,2025-08-13 23:30:50.181046
950,free,9.99,2025-10-27 23:30:50.181047
951,free,9.99,2026-03-21 23:30:50.181048
952,free,9.99,2026-02-03 23:30:50.181049
953,premium,0.0,2025-11-15 23:30:50.181050
954,free,9.99,2025-08-13 23:30:50.181051
955,premium,0.0,2025-12-06 23:30:50.181051
956,free,0.0,2025-09-17 23:30:50.181052
957,premium,0.0,2026-01-23 23:30:50.181053
958,free,9.99,2026-04-08 23:30:50.181054
959,free,9.99,2025-06-16 23:30:50.181055
960,free,0.0,2025-10-28 23:30:50.181056
961,free,9.99,2025-11-23 23:30:50.181057
962,free,0.0,2026-01-08 23:30:50.181058
963,family,0.0,2026-03-17 23:30:50.181059
964,premium,0.0,2025-06-19 23:30:50.181060
965,family,9.99,2025-11-17 23:30:50.181061
966,premium,0.0,2025-11-06 23:30:50.181062
967,premium,0.0,2025-05-29 23:30:50.181062
968,family,9.99,2026-01-16 23:30:50.181063
969,free,0.0,2025-09-10 23:30:50.181064
970,free,9.99,2025-10-10 23:30:50.181065
971,premium,9.99,2026-02-24 23:30:50.181066
972,free,0.0,2025-09-22 23:30:50.181067
973,premium,9.99,2025-07-27 23:30:50.181068
974,premium,9.99,2025-06-27 23:30:50.181069
975,free,0.0,2026-02-06 23:30:50.181070
976,free,0.0,2025-05-10 23:30:50.181071
977,premium,9.99,2025-07-17 23:30:50.181072
978,free,0.0,2025-05-14 23:30:50.181073
979,premium,0.0,2025-09-30 23:30:50.181074
980,family,0.0,2025-09-27 23:30:50.181075
981,free,0.0,2025-12-09 23:30:50.181076
982,family,9.99,2025-06-15 23:30:50.181077
983,premium,0.0,2025-10-13 23:30:50.181078
984,free,0.0,2026-03-23 23:30:50.181078
985,free,9.99,2025-05-29 23:30:50.181079
986,family,9.99,2026-01-29 23:30:50.181080
987,family,9.99,2025-05-01 23:30:50.181081
988,family,14.99,2025-07-01 23:30:50.181082
989,premium,0.0,2026-03-05 23:30:50.181083
990,family,0.0,2025-06-25 23:30:50.181084
991,free,9.99,2026-01-18 23:30:50.181085
992,free,9.99,2026-01-04 23:30:50.181086
993,free,9.99,2025-11-21 23:30:50.181087
994,premium,9.99,2026-02-03 23:30:50.181088
995,family,9.99,2026-02-07 23:30:50.181089
996,free,9.99,2026-02-01 23:30:50.181090
997,free,9.99,2026-02-08 23:30:50.181091
998,premium,0.0,2025-09-29 23:30:50.181092
999,free,14.99,2025-08-04 23:30:50.181093
1000,premium,0.0,2026-03-23 23:30:50.181094
