user_id,name,email,country,registration_date
1,User 1,user1@example.com,UK,2026-01-04 23:30:50.172483
2,User 2,user2@example.com,UK,2025-12-12 23:30:50.172497
3,User 3,user3@example.com,CA,2025-11-26 23:30:50.172500
4,User 4,user4@example.com,DE,2025-09-29 23:30:50.172502
5,User 5,user5@example.com,UK,2026-01-14 23:30:50.172503
6,User 6,user6@example.com,FR,2026-01-19 23:30:50.172505
7,User 7,user7@example.com,UK,2026-03-24 23:30:50.172506
8,User 8,user8@example.com,FR,2025-09-16 23:30:50.172507
9,User 9,user9@example.com,US,2025-08-07 23:30:50.172508
10,User 10,user10@example.com,CA,2025-09-13 23:30:50.172509
11,User 11,user11@example.com,DE,2026-03-15 23:30:50.172510
12,User 12,user12@example.com,FR,2025-07-09 23:30:50.172511
13,User 13,user13@example.com,DE,2025-06-25 23:30:50.172513
14,User 14,user14@example.com,US,2025-11-21 23:30:50.172514
15,User 15,user15@example.com,FR,2025-05-24 23:30:50.172515
16,User 16,user16@example.com,DE,2025-09-20 23:30:50.172516
17,User 17,user17@example.com,UK,2026-03-15 23:30:50.172517
18,User 18,user18@example.com,FR,2025-12-25 23:30:50.172518
19,User 19,user19@example.com,UK,2025-12-02 23:30:50.172519
20,User 20,user20@example.com,DE,2025-12-07 23:30:50.172520
21,User 21,user21@example.com,CA,2026-01-01 23:30:50.172521
22,User 22,user22@example.com,US,2026-01-07 23:30:50.172522
23,User 23,user23@example.com,UK,2026-02-11 23:30:50.172523
24,User 24,user24@example.com,CA,2025-08-16 23:30:50.172524
25,User 25,user25@example.com,DE,2025-09-06 23:30:50.172525
26,User 26,user26@example.com,UK,2026-01-22 23:30:50.172526
27,User 27,user27@example.com,US,2025-06-25 23:30:50.172527
28,User 28,user28@example.com,UK,2026-03-14 23:30:50.172528
29,User 29,user29@example.com,US,2025-07-07 23:30:50.172529
30,User 30,user30@example.com,FR,2025-08-07 23:30:50.172530
31,User 31,user31@example.com,DE,2025-11-19 23:30:50.172531
32,User 32,user32@example.com,US,2026-04-14 23:30:50.172532
33,User 33,user33@example.com,FR,2025-05-04 23:30:50.172533
34,User 34,user34@example.com,FR,2025-07-31 23:30:50.172534
35,User 35,user35@example.com,US,2026-04-13 23:30:50.172535
36,User 36,user36@example.com,DE,2025-06-18 23:30:50.172536
37,User 37,user37@example.com,US,2025-05-05 23:30:50.172537
38,User 38,user38@example.com,US,2025-11-15 23:30:50.172538
39,User 39,user39@example.com,FR,2026-01-19 23:30:50.172539
40,User 40,user40@example.com,FR,2025-06-22 23:30:50.172540
41,User 41,user41@example.com,CA,2026-04-12 23:30:50.172541
42,User 42,user42@example.com,UK,2026-01-01 23:30:50.172542
43,User 43,user43@example.com,UK,2026-04-10 23:30:50.172543
44,User 44,user44@example.com,DE,2025-07-14 23:30:50.172544
45,User 45,user45@example.com,FR,2025-11-04 23:30:50.172545
46,User 46,user46@example.com,FR,2025-09-19 23:30:50.172546
47,User 47,user47@example.com,CA,2025-05-28 23:30:50.172547
48,User 48,user48@example.com,DE,2025-11-14 23:30:50.172548
49,User 49,user49@example.com,US,2026-02-14 23:30:50.172549
50,User 50,user50@example.com,DE,2025-07-13 23:30:50.172550
51,User 51,user51@example.com,US,2026-01-21 23:30:50.172551
52,User 52,user52@example.com,UK,2025-11-12 23:30:50.172552
53,User 53,user53@example.com,DE,2025-12-30 23:30:50.172553
54,User 54,user54@example.com,UK,2025-10-01 23:30:50.172554
55,User 55,user55@example.com,DE,2026-02-28 23:30:50.172555
56,User 56,user56@example.com,US,2026-01-29 23:30:50.172556
57,User 57,user57@example.com,DE,2025-08-03 23:30:50.172557
58,User 58,user58@example.com,CA,2025-04-26 23:30:50.172558
59,User 59,user59@example.com,DE,2025-04-20 23:30:50.172559
60,User 60,user60@example.com,CA,2025-11-19 23:30:50.172560
61,User 61,user61@example.com,UK,2025-11-21 23:30:50.172561
62,User 62,user62@example.com,CA,2025-06-26 23:30:50.172562
63,User 63,user63@example.com,CA,2025-07-27 23:30:50.172563
64,User 64,user64@example.com,UK,2025-08-04 23:30:50.172564
65,User 65,user65@example.com,UK,2025-07-27 23:30:50.172565
66,User 66,user66@example.com,DE,2025-08-21 23:30:50.172566
67,User 67,user67@example.com,FR,2026-04-09 23:30:50.172567
68,User 68,user68@example.com,UK,2025-12-29 23:30:50.172568
69,User 69,user69@example.com,US,2026-01-24 23:30:50.172569
70,User 70,user70@example.com,UK,2026-01-23 23:30:50.172570
71,User 71,user71@example.com,US,2025-08-16 23:30:50.172571
72,User 72,user72@example.com,US,2026-01-02 23:30:50.172572
73,User 73,user73@example.com,DE,2025-07-13 23:30:50.172573
74,User 74,user74@example.com,DE,2025-08-07 23:30:50.172574
75,User 75,user75@example.com,US,2025-07-28 23:30:50.172575
76,User 76,user76@example.com,US,2025-06-29 23:30:50.172576
77,User 77,user77@example.com,FR,2025-08-21 23:30:50.172577
78,User 78,user78@example.com,FR,2026-03-07 23:30:50.172579
79,User 79,user79@example.com,UK,2025-07-03 23:30:50.172580
80,User 80,user80@example.com,FR,2026-03-08 23:30:50.172581
81,User 81,user81@example.com,UK,2025-11-15 23:30:50.172582
82,User 82,user82@example.com,US,2025-12-31 23:30:50.172583
83,User 83,user83@example.com,FR,2025-08-30 23:30:50.172584
84,User 84,user84@example.com,DE,2026-03-13 23:30:50.172585
85,User 85,user85@example.com,FR,2025-04-28 23:30:50.172586
86,User 86,user86@example.com,FR,2025-10-21 23:30:50.172587
87,User 87,user87@example.com,UK,2026-02-23 23:30:50.172588
88,User 88,user88@example.com,UK,2026-03-10 23:30:50.172589
89,User 89,user89@example.com,US,2025-11-18 23:30:50.172590
90,User 90,user90@example.com,US,2026-04-13 23:30:50.172590
91,User 91,user91@example.com,US,2025-10-03 23:30:50.172591
92,User 92,user92@example.com,UK,2025-11-02 23:30:50.172592
93,User 93,user93@example.com,CA,2025-05-10 23:30:50.172593
94,User 94,user94@example.com,DE,2025-05-08 23:30:50.172594
95,User 95,user95@example.com,UK,2025-10-29 23:30:50.172596
96,User 96,user96@example.com,DE,2025-09-05 23:30:50.172596
97,User 97,user97@example.com,DE,2026-02-27 23:30:50.172597
98,User 98,user98@example.com,FR,2025-09-11 23:30:50.172598
99,User 99,user99@example.com,FR,2025-07-26 23:30:50.172599
100,User 100,user100@example.com,DE,2026-03-20 23:30:50.172600
101,User 101,user101@example.com,US,2026-03-20 23:30:50.172601
102,User 102,user102@example.com,CA,2025-09-02 23:30:50.172602
103,User 103,user103@example.com,DE,2025-11-17 23:30:50.172603
104,User 104,user104@example.com,FR,2026-04-17 23:30:50.172604
105,User 105,user105@example.com,FR,2026-02-16 23:30:50.172605
106,User 106,user106@example.com,US,2025-08-28 23:30:50.172606
107,User 107,user107@example.com,CA,2025-12-26 23:30:50.172609
108,User 108,user108@example.com,US,2025-08-19 23:30:50.172610
109,User 109,user109@example.com,FR,2026-01-10 23:30:50.172611
110,User 110,user110@example.com,FR,2025-08-14 23:30:50.172612
111,User 111,user111@example.com,FR,2025-12-10 23:30:50.172613
112,User 112,user112@example.com,DE,2026-02-27 23:30:50.172614
113,User 113,user113@example.com,US,2025-05-16 23:30:50.172615
114,User 114,user114@example.com,UK,2025-04-27 23:30:50.172616
115,User 115,user115@example.com,US,2025-11-19 23:30:50.172617
116,User 116,user116@example.com,US,2025-10-11 23:30:50.172618
117,User 117,user117@example.com,US,2025-12-22 23:30:50.172619
118,User 118,user118@example.com,CA,2025-07-29 23:30:50.172620
119,User 119,user119@example.com,US,2025-08-08 23:30:50.172621
120,User 120,user120@example.com,UK,2026-01-05 23:30:50.172622
121,User 121,user121@example.com,DE,2026-01-07 23:30:50.172623
122,User 122,user122@example.com,CA,2025-09-26 23:30:50.172624
123,User 123,user123@example.com,CA,2025-05-24 23:30:50.172625
124,User 124,user124@example.com,US,2025-11-03 23:30:50.172626
125,User 125,user125@example.com,FR,2025-12-28 23:30:50.172627
126,User 126,user126@example.com,CA,2026-01-24 23:30:50.172628
127,User 127,user127@example.com,FR,2026-01-09 23:30:50.172629
128,User 128,user128@example.com,CA,2025-08-29 23:30:50.172630
129,User 129,user129@example.com,FR,2025-04-23 23:30:50.172631
130,User 130,user130@example.com,FR,2026-01-09 23:30:50.172632
131,User 131,user131@example.com,US,2025-06-02 23:30:50.172633
132,User 132,user132@example.com,DE,2026-03-14 23:30:50.172634
133,User 133,user133@example.com,CA,2025-10-24 23:30:50.172635
134,User 134,user134@example.com,US,2025-04-18 23:30:50.172636
135,User 135,user135@example.com,UK,2025-06-28 23:30:50.172637
136,User 136,user136@example.com,US,2025-11-17 23:30:50.172638
137,User 137,user137@example.com,DE,2026-03-24 23:30:50.172639
138,User 138,user138@example.com,UK,2026-02-12 23:30:50.172640
139,User 139,user139@example.com,UK,2025-12-21 23:30:50.172641
140,User 140,user140@example.com,FR,2025-09-10 23:30:50.172642
141,User 141,user141@example.com,CA,2025-08-10 23:30:50.172643
142,User 142,user142@example.com,CA,2025-05-29 23:30:50.172644
143,User 143,user143@example.com,DE,2025-07-04 23:30:50.172645
144,User 144,user144@example.com,CA,2025-11-26 23:30:50.172646
145,User 145,user145@example.com,FR,2025-09-17 23:30:50.172647
146,User 146,user146@example.com,US,2025-08-15 23:30:50.172648
147,User 147,user147@example.com,US,2026-04-16 23:30:50.172649
148,User 148,user148@example.com,FR,2025-04-27 23:30:50.172650
149,User 149,user149@example.com,UK,2025-12-13 23:30:50.172651
150,User 150,user150@example.com,US,2025-09-05 23:30:50.172652
151,User 151,user151@example.com,DE,2025-08-10 23:30:50.172653
152,User 152,user152@example.com,DE,2025-06-18 23:30:50.172654
153,User 153,user153@example.com,FR,2026-03-15 23:30:50.172655
154,User 154,user154@example.com,US,2025-05-22 23:30:50.172656
155,User 155,user155@example.com,US,2026-02-16 23:30:50.172657
156,User 156,user156@example.com,DE,2026-02-03 23:30:50.172658
157,User 157,user157@example.com,US,2025-11-25 23:30:50.172659
158,User 158,user158@example.com,UK,2025-09-13 23:30:50.172660
159,User 159,user159@example.com,DE,2026-03-30 23:30:50.172661
160,User 160,user160@example.com,UK,2026-04-11 23:30:50.172662
161,User 161,user161@example.com,DE,2026-02-23 23:30:50.172663
162,User 162,user162@example.com,DE,2025-09-10 23:30:50.172664
163,User 163,user163@example.com,DE,2026-03-24 23:30:50.172665
164,User 164,user164@example.com,CA,2025-11-04 23:30:50.172666
165,User 165,user165@example.com,CA,2025-11-27 23:30:50.172667
166,User 166,user166@example.com,CA,2025-12-25 23:30:50.172668
167,User 167,user167@example.com,US,2026-02-11 23:30:50.172669
168,User 168,user168@example.com,DE,2025-05-29 23:30:50.172670
169,User 169,user169@example.com,FR,2025-11-09 23:30:50.172671
170,User 170,user170@example.com,DE,2025-07-25 23:30:50.172672
171,User 171,user171@example.com,DE,2025-12-09 23:30:50.172673
172,User 172,user172@example.com,CA,2025-07-31 23:30:50.172674
173,User 173,user173@example.com,CA,2025-07-15 23:30:50.172675
174,User 174,user174@example.com,CA,2025-05-06 23:30:50.172676
175,User 175,user175@example.com,FR,2025-06-10 23:30:50.172677
176,User 176,user176@example.com,US,2025-08-16 23:30:50.172678
177,User 177,user177@example.com,CA,2026-02-08 23:30:50.172679
178,User 178,user178@example.com,DE,2026-01-29 23:30:50.172680
179,User 179,user179@example.com,US,2025-10-18 23:30:50.172681
180,User 180,user180@example.com,CA,2025-09-09 23:30:50.172682
181,User 181,user181@example.com,US,2026-03-16 23:30:50.172683
182,User 182,user182@example.com,CA,2025-09-18 23:30:50.172684
183,User 183,user183@example.com,FR,2025-11-01 23:30:50.172685
184,User 184,user184@example.com,CA,2025-11-14 23:30:50.172686
185,User 185,user185@example.com,US,2026-02-17 23:30:50.172687
186,User 186,user186@example.com,US,2025-10-10 23:30:50.172688
187,User 187,user187@example.com,DE,2025-04-18 23:30:50.172689
188,User 188,user188@example.com,DE,2025-12-29 23:30:50.172690
189,User 189,user189@example.com,US,2025-08-25 23:30:50.172691
190,User 190,user190@example.com,FR,2025-09-13 23:30:50.172692
191,User 191,user191@example.com,CA,2025-05-14 23:30:50.172693
192,User 192,user192@example.com,FR,2025-07-25 23:30:50.172694
193,User 193,user193@example.com,UK,2026-03-30 23:30:50.172695
194,User 194,user194@example.com,FR,2025-06-21 23:30:50.172696
195,User 195,user195@example.com,CA,2025-08-14 23:30:50.172697
196,User 196,user196@example.com,UK,2026-02-17 23:30:50.172698
197,User 197,user197@example.com,FR,2025-10-19 23:30:50.172699
198,User 198,user198@example.com,DE,2025-06-08 23:30:50.172700
199,User 199,user199@example.com,FR,2025-12-11 23:30:50.172701
200,User 200,user200@example.com,UK,2025-09-10 23:30:50.172702
201,User 201,user201@example.com,CA,2026-03-06 23:30:50.172703
202,User 202,user202@example.com,DE,2025-12-03 23:30:50.172704
203,User 203,user203@example.com,FR,2025-05-31 23:30:50.172705
204,User 204,user204@example.com,DE,2026-03-16 23:30:50.172706
205,User 205,user205@example.com,FR,2025-09-27 23:30:50.172707
206,User 206,user206@example.com,FR,2025-06-28 23:30:50.172708
207,User 207,user207@example.com,US,2026-03-18 23:30:50.172709
208,User 208,user208@example.com,UK,2025-08-08 23:30:50.172710
209,User 209,user209@example.com,FR,2026-01-19 23:30:50.172711
210,User 210,user210@example.com,US,2025-07-16 23:30:50.172712
211,User 211,user211@example.com,DE,2026-03-18 23:30:50.172713
212,User 212,user212@example.com,FR,2025-12-22 23:30:50.172714
213,User 213,user213@example.com,CA,2025-08-21 23:30:50.172715
214,User 214,user214@example.com,DE,2025-06-04 23:30:50.172715
215,User 215,user215@example.com,UK,2026-01-07 23:30:50.172716
216,User 216,user216@example.com,US,2025-11-06 23:30:50.172717
217,User 217,user217@example.com,DE,2025-10-31 23:30:50.172718
218,User 218,user218@example.com,US,2026-03-07 23:30:50.172719
219,User 219,user219@example.com,FR,2025-09-28 23:30:50.172720
220,User 220,user220@example.com,DE,2026-04-14 23:30:50.172721
221,User 221,user221@example.com,UK,2026-03-07 23:30:50.172722
222,User 222,user222@example.com,FR,2026-01-27 23:30:50.172723
223,User 223,user223@example.com,US,2025-10-08 23:30:50.172724
224,User 224,user224@example.com,FR,2025-10-16 23:30:50.172725
225,User 225,user225@example.com,CA,2026-03-18 23:30:50.172726
226,User 226,user226@example.com,DE,2025-05-12 23:30:50.172727
227,User 227,user227@example.com,CA,2025-07-14 23:30:50.172728
228,User 228,user228@example.com,FR,2025-09-21 23:30:50.172729
229,User 229,user229@example.com,CA,2025-04-21 23:30:50.172730
230,User 230,user230@example.com,FR,2025-11-18 23:30:50.172731
231,User 231,user231@example.com,FR,2025-08-03 23:30:50.172732
232,User 232,user232@example.com,CA,2025-07-09 23:30:50.172733
233,User 233,user233@example.com,CA,2026-01-20 23:30:50.172734
234,User 234,user234@example.com,FR,2025-11-18 23:30:50.172735
235,User 235,user235@example.com,CA,2025-08-13 23:30:50.172736
236,User 236,user236@example.com,UK,2026-01-09 23:30:50.172737
237,User 237,user237@example.com,FR,2026-02-09 23:30:50.172738
238,User 238,user238@example.com,FR,2026-04-04 23:30:50.172739
239,User 239,user239@example.com,UK,2025-06-14 23:30:50.172740
240,User 240,user240@example.com,CA,2025-09-20 23:30:50.172741
241,User 241,user241@example.com,CA,2026-03-24 23:30:50.172742
242,User 242,user242@example.com,DE,2025-11-02 23:30:50.172743
243,User 243,user243@example.com,US,2025-10-16 23:30:50.172744
244,User 244,user244@example.com,DE,2025-11-27 23:30:50.172745
245,User 245,user245@example.com,FR,2026-04-08 23:30:50.172746
246,User 246,user246@example.com,DE,2025-07-02 23:30:50.172747
247,User 247,user247@example.com,DE,2026-03-22 23:30:50.172748
248,User 248,user248@example.com,CA,2025-06-09 23:30:50.172749
249,User 249,user249@example.com,UK,2025-12-18 23:30:50.172750
250,User 250,user250@example.com,FR,2026-02-09 23:30:50.172751
251,User 251,user251@example.com,UK,2026-01-20 23:30:50.172752
252,User 252,user252@example.com,US,2025-06-04 23:30:50.172753
253,User 253,user253@example.com,DE,2025-05-12 23:30:50.172754
254,User 254,user254@example.com,CA,2026-02-14 23:30:50.172755
255,User 255,user255@example.com,US,2025-05-05 23:30:50.172756
256,User 256,user256@example.com,CA,2025-08-09 23:30:50.172757
257,User 257,user257@example.com,DE,2025-06-17 23:30:50.172758
258,User 258,user258@example.com,US,2026-01-31 23:30:50.172759
259,User 259,user259@example.com,FR,2026-03-20 23:30:50.172760
260,User 260,user260@example.com,DE,2026-01-23 23:30:50.172761
261,User 261,user261@example.com,FR,2025-08-06 23:30:50.172762
262,User 262,user262@example.com,FR,2025-11-15 23:30:50.172763
263,User 263,user263@example.com,UK,2025-11-06 23:30:50.172764
264,User 264,user264@example.com,DE,2026-03-26 23:30:50.172765
265,User 265,user265@example.com,CA,2026-02-25 23:30:50.172766
266,User 266,user266@example.com,US,2025-11-16 23:30:50.172767
267,User 267,user267@example.com,UK,2026-02-06 23:30:50.172768
268,User 268,user268@example.com,UK,2026-04-05 23:30:50.172770
269,User 269,user269@example.com,FR,2025-06-04 23:30:50.172771
270,User 270,user270@example.com,FR,2025-07-28 23:30:50.172772
271,User 271,user271@example.com,FR,2025-08-20 23:30:50.172773
272,User 272,user272@example.com,FR,2026-02-17 23:30:50.172774
273,User 273,user273@example.com,UK,2026-01-31 23:30:50.172775
274,User 274,user274@example.com,DE,2025-11-20 23:30:50.172776
275,User 275,user275@example.com,US,2025-10-14 23:30:50.172777
276,User 276,user276@example.com,DE,2025-09-19 23:30:50.172778
277,User 277,user277@example.com,UK,2025-10-20 23:30:50.172779
278,User 278,user278@example.com,US,2025-12-17 23:30:50.172780
279,User 279,user279@example.com,US,2025-09-23 23:30:50.172781
280,User 280,user280@example.com,US,2025-04-29 23:30:50.172782
281,User 281,user281@example.com,UK,2025-09-21 23:30:50.172783
282,User 282,user282@example.com,UK,2025-12-13 23:30:50.172784
283,User 283,user283@example.com,DE,2025-07-19 23:30:50.172785
284,User 284,user284@example.com,DE,2025-11-25 23:30:50.172786
285,User 285,user285@example.com,FR,2025-09-10 23:30:50.172787
286,User 286,user286@example.com,US,2025-09-23 23:30:50.172788
287,User 287,user287@example.com,FR,2025-05-06 23:30:50.172788
288,User 288,user288@example.com,UK,2026-02-06 23:30:50.172790
289,User 289,user289@example.com,DE,2025-10-17 23:30:50.172791
290,User 290,user290@example.com,DE,2025-09-18 23:30:50.172791
291,User 291,user291@example.com,FR,2025-11-09 23:30:50.172792
292,User 292,user292@example.com,CA,2025-12-02 23:30:50.172793
293,User 293,user293@example.com,CA,2025-06-04 23:30:50.172794
294,User 294,user294@example.com,US,2025-10-31 23:30:50.172795
295,User 295,user295@example.com,CA,2025-06-02 23:30:50.172796
296,User 296,user296@example.com,CA,2025-06-02 23:30:50.172797
297,User 297,user297@example.com,FR,2025-06-25 23:30:50.172798
298,User 298,user298@example.com,US,2025-09-05 23:30:50.172799
299,User 299,user299@example.com,CA,2026-03-04 23:30:50.172800
300,User 300,user300@example.com,UK,2025-07-30 23:30:50.172801
301,User 301,user301@example.com,DE,2026-03-06 23:30:50.172802
302,User 302,user302@example.com,CA,2025-09-07 23:30:50.172803
303,User 303,user303@example.com,FR,2025-08-09 23:30:50.172804
304,User 304,user304@example.com,FR,2025-10-04 23:30:50.172805
305,User 305,user305@example.com,DE,2025-06-02 23:30:50.172806
306,User 306,user306@example.com,UK,2025-09-18 23:30:50.172807
307,User 307,user307@example.com,UK,2025-07-25 23:30:50.172808
308,User 308,user308@example.com,CA,2025-04-28 23:30:50.172809
309,User 309,user309@example.com,FR,2025-11-17 23:30:50.172810
310,User 310,user310@example.com,FR,2025-09-05 23:30:50.172811
311,User 311,user311@example.com,UK,2025-07-25 23:30:50.172812
312,User 312,user312@example.com,FR,2025-08-03 23:30:50.172813
313,User 313,user313@example.com,CA,2026-03-13 23:30:50.172814
314,User 314,user314@example.com,CA,2025-12-23 23:30:50.172815
315,User 315,user315@example.com,CA,2026-01-30 23:30:50.172816
316,User 316,user316@example.com,UK,2026-04-01 23:30:50.172817
317,User 317,user317@example.com,FR,2026-01-05 23:30:50.172818
318,User 318,user318@example.com,FR,2026-01-17 23:30:50.172819
319,User 319,user319@example.com,FR,2025-09-10 23:30:50.172820
320,User 320,user320@example.com,UK,2025-08-27 23:30:50.172821
321,User 321,user321@example.com,FR,2026-02-18 23:30:50.172822
322,User 322,user322@example.com,DE,2025-08-03 23:30:50.172823
323,User 323,user323@example.com,US,2025-11-11 23:30:50.172824
324,User 324,user324@example.com,US,2025-05-22 23:30:50.172825
325,User 325,user325@example.com,DE,2026-02-18 23:30:50.172826
326,User 326,user326@example.com,FR,2025-08-30 23:30:50.172827
327,User 327,user327@example.com,FR,2025-05-18 23:30:50.172828
328,User 328,user328@example.com,CA,2025-10-02 23:30:50.172829
329,User 329,user329@example.com,DE,2025-04-29 23:30:50.172830
330,User 330,user330@example.com,US,2026-02-21 23:30:50.172831
331,User 331,user331@example.com,UK,2026-04-18 23:30:50.172832
332,User 332,user332@example.com,US,2026-03-27 23:30:50.172833
333,User 333,user333@example.com,DE,2025-06-08 23:30:50.172834
334,User 334,user334@example.com,FR,2025-09-16 23:30:50.172835
335,User 335,user335@example.com,US,2026-03-03 23:30:50.172836
336,User 336,user336@example.com,UK,2026-01-08 23:30:50.172837
337,User 337,user337@example.com,DE,2025-06-18 23:30:50.172838
338,User 338,user338@example.com,US,2025-09-02 23:30:50.172839
339,User 339,user339@example.com,UK,2026-01-29 23:30:50.172840
340,User 340,user340@example.com,UK,2025-08-15 23:30:50.172841
341,User 341,user341@example.com,UK,2025-08-01 23:30:50.172842
342,User 342,user342@example.com,US,2026-01-18 23:30:50.172843
343,User 343,user343@example.com,FR,2025-12-28 23:30:50.172844
344,User 344,user344@example.com,US,2026-01-13 23:30:50.172845
345,User 345,user345@example.com,DE,2026-02-15 23:30:50.172846
346,User 346,user346@example.com,UK,2026-02-10 23:30:50.172847
347,User 347,user347@example.com,CA,2026-02-05 23:30:50.172848
348,User 348,user348@example.com,CA,2025-11-27 23:30:50.172849
349,User 349,user349@example.com,DE,2026-02-15 23:30:50.172850
350,User 350,user350@example.com,FR,2025-06-13 23:30:50.172851
351,User 351,user351@example.com,UK,2025-06-12 23:30:50.172852
352,User 352,user352@example.com,US,2026-02-22 23:30:50.172853
353,User 353,user353@example.com,DE,2025-09-14 23:30:50.172854
354,User 354,user354@example.com,FR,2025-12-09 23:30:50.172855
355,User 355,user355@example.com,DE,2025-09-30 23:30:50.172856
356,User 356,user356@example.com,US,2026-01-20 23:30:50.172857
357,User 357,user357@example.com,FR,2026-01-05 23:30:50.172858
358,User 358,user358@example.com,FR,2026-02-02 23:30:50.172859
359,User 359,user359@example.com,UK,2025-08-31 23:30:50.172860
360,User 360,user360@example.com,CA,2025-08-26 23:30:50.172861
361,User 361,user361@example.com,CA,2025-06-27 23:30:50.172862
362,User 362,user362@example.com,DE,2025-09-12 23:30:50.172863
363,User 363,user363@example.com,CA,2026-02-05 23:30:50.172864
364,User 364,user364@example.com,FR,2025-11-20 23:30:50.172865
365,User 365,user365@example.com,CA,2025-04-28 23:30:50.172866
366,User 366,user366@example.com,US,2025-10-18 23:30:50.172867
367,User 367,user367@example.com,CA,2025-10-01 23:30:50.172868
368,User 368,user368@example.com,CA,2026-03-17 23:30:50.172869
369,User 369,user369@example.com,CA,2025-04-26 23:30:50.172870
370,User 370,user370@example.com,CA,2025-10-27 23:30:50.172871
371,User 371,user371@example.com,UK,2025-06-16 23:30:50.172872
372,User 372,user372@example.com,UK,2025-09-13 23:30:50.172873
373,User 373,user373@example.com,FR,2025-09-12 23:30:50.172874
374,User 374,user374@example.com,US,2025-07-08 23:30:50.172875
375,User 375,user375@example.com,CA,2025-07-31 23:30:50.172876
376,User 376,user376@example.com,DE,2025-09-13 23:30:50.172877
377,User 377,user377@example.com,FR,2026-02-20 23:30:50.172878
378,User 378,user378@example.com,FR,2025-12-27 23:30:50.172879
379,User 379,user379@example.com,UK,2025-12-23 23:30:50.172880
380,User 380,user380@example.com,DE,2025-12-20 23:30:50.172881
381,User 381,user381@example.com,DE,2026-04-16 23:30:50.172882
382,User 382,user382@example.com,DE,2025-04-21 23:30:50.172883
383,User 383,user383@example.com,US,2025-05-15 23:30:50.172884
384,User 384,user384@example.com,FR,2025-08-24 23:30:50.172885
385,User 385,user385@example.com,FR,2025-08-12 23:30:50.172886
386,User 386,user386@example.com,UK,2025-06-01 23:30:50.172887
387,User 387,user387@example.com,US,2026-02-26 23:30:50.172888
388,User 388,user388@example.com,DE,2026-01-01 23:30:50.172888
389,User 389,user389@example.com,US,2025-12-09 23:30:50.172889
390,User 390,user390@example.com,US,2026-01-22 23:30:50.172890
391,User 391,user391@example.com,CA,2025-05-24 23:30:50.172891
392,User 392,user392@example.com,DE,2026-04-16 23:30:50.172892
393,User 393,user393@example.com,FR,2025-07-16 23:30:50.172893
394,User 394,user394@example.com,US,2025-08-29 23:30:50.172894
395,User 395,user395@example.com,DE,2025-05-22 23:30:50.172895
396,User 396,user396@example.com,UK,2025-12-04 23:30:50.172896
397,User 397,user397@example.com,CA,2025-08-06 23:30:50.172897
398,User 398,user398@example.com,DE,2025-04-22 23:30:50.172898
399,User 399,user399@example.com,UK,2026-04-04 23:30:50.172899
400,User 400,user400@example.com,FR,2026-04-04 23:30:50.172900
401,User 401,user401@example.com,FR,2025-06-20 23:30:50.172901
402,User 402,user402@example.com,US,2025-10-10 23:30:50.172902
403,User 403,user403@example.com,US,2025-09-01 23:30:50.172903
404,User 404,user404@example.com,US,2026-03-08 23:30:50.172904
405,User 405,user405@example.com,UK,2026-01-20 23:30:50.172905
406,User 406,user406@example.com,US,2025-07-05 23:30:50.172906
407,User 407,user407@example.com,DE,2026-03-23 23:30:50.172907
408,User 408,user408@example.com,CA,2025-06-19 23:30:50.172908
409,User 409,user409@example.com,UK,2025-07-05 23:30:50.172909
410,User 410,user410@example.com,FR,2026-02-26 23:30:50.172910
411,User 411,user411@example.com,DE,2025-09-02 23:30:50.172911
412,User 412,user412@example.com,DE,2026-02-23 23:30:50.172912
413,User 413,user413@example.com,FR,2026-02-05 23:30:50.172913
414,User 414,user414@example.com,FR,2025-06-02 23:30:50.172914
415,User 415,user415@example.com,UK,2025-07-02 23:30:50.172915
416,User 416,user416@example.com,FR,2025-08-08 23:30:50.172916
417,User 417,user417@example.com,US,2025-07-23 23:30:50.172917
418,User 418,user418@example.com,CA,2025-07-19 23:30:50.172918
419,User 419,user419@example.com,DE,2026-03-23 23:30:50.172919
420,User 420,user420@example.com,CA,2025-07-10 23:30:50.172920
421,User 421,user421@example.com,UK,2025-07-06 23:30:50.172921
422,User 422,user422@example.com,DE,2025-12-14 23:30:50.172922
423,User 423,user423@example.com,DE,2025-06-01 23:30:50.172923
424,User 424,user424@example.com,FR,2025-08-04 23:30:50.172924
425,User 425,user425@example.com,CA,2026-01-18 23:30:50.172925
426,User 426,user426@example.com,US,2025-05-19 23:30:50.172926
427,User 427,user427@example.com,UK,2026-01-30 23:30:50.172927
428,User 428,user428@example.com,UK,2025-09-24 23:30:50.172928
429,User 429,user429@example.com,FR,2025-10-24 23:30:50.172929
430,User 430,user430@example.com,FR,2026-04-12 23:30:50.172930
431,User 431,user431@example.com,FR,2026-01-31 23:30:50.172930
432,User 432,user432@example.com,FR,2025-10-07 23:30:50.172931
433,User 433,user433@example.com,US,2026-02-17 23:30:50.172932
434,User 434,user434@example.com,FR,2025-05-13 23:30:50.172933
435,User 435,user435@example.com,FR,2025-10-09 23:30:50.172935
436,User 436,user436@example.com,FR,2025-07-08 23:30:50.172935
437,User 437,user437@example.com,US,2025-11-11 23:30:50.172936
438,User 438,user438@example.com,FR,2025-05-27 23:30:50.172937
439,User 439,user439@example.com,DE,2025-12-01 23:30:50.172938
440,User 440,user440@example.com,FR,2025-07-05 23:30:50.172939
441,User 441,user441@example.com,FR,2025-08-30 23:30:50.172940
442,User 442,user442@example.com,UK,2025-06-07 23:30:50.172941
443,User 443,user443@example.com,FR,2026-04-15 23:30:50.172942
444,User 444,user444@example.com,DE,2025-06-06 23:30:50.172943
445,User 445,user445@example.com,CA,2025-09-02 23:30:50.172944
446,User 446,user446@example.com,CA,2025-11-11 23:30:50.172945
447,User 447,user447@example.com,FR,2025-04-21 23:30:50.172948
448,User 448,user448@example.com,DE,2025-04-18 23:30:50.172949
449,User 449,user449@example.com,DE,2025-12-02 23:30:50.172950
450,User 450,user450@example.com,UK,2025-05-08 23:30:50.172951
451,User 451,user451@example.com,US,2025-07-30 23:30:50.172952
452,User 452,user452@example.com,CA,2025-10-14 23:30:50.172953
453,User 453,user453@example.com,US,2026-01-10 23:30:50.172954
454,User 454,user454@example.com,FR,2025-07-31 23:30:50.172955
455,User 455,user455@example.com,UK,2025-07-06 23:30:50.172956
456,User 456,user456@example.com,CA,2025-09-08 23:30:50.172957
457,User 457,user457@example.com,CA,2025-06-30 23:30:50.172958
458,User 458,user458@example.com,CA,2025-07-17 23:30:50.172959
459,User 459,user459@example.com,DE,2025-08-22 23:30:50.172960
460,User 460,user460@example.com,CA,2025-05-20 23:30:50.172961
461,User 461,user461@example.com,CA,2025-06-11 23:30:50.172962
462,User 462,user462@example.com,DE,2026-01-22 23:30:50.172964
463,User 463,user463@example.com,DE,2025-07-09 23:30:50.172965
464,User 464,user464@example.com,FR,2026-02-18 23:30:50.172966
465,User 465,user465@example.com,US,2025-12-13 23:30:50.172967
466,User 466,user466@example.com,FR,2025-11-05 23:30:50.172968
467,User 467,user467@example.com,CA,2025-10-27 23:30:50.172968
468,User 468,user468@example.com,UK,2025-07-02 23:30:50.172969
469,User 469,user469@example.com,UK,2025-04-26 23:30:50.172970
470,User 470,user470@example.com,DE,2026-03-08 23:30:50.172971
471,User 471,user471@example.com,FR,2025-12-07 23:30:50.172972
472,User 472,user472@example.com,DE,2026-03-08 23:30:50.172973
473,User 473,user473@example.com,FR,2026-04-18 23:30:50.172974
474,User 474,user474@example.com,US,2025-10-20 23:30:50.172975
475,User 475,user475@example.com,DE,2026-03-22 23:30:50.172976
476,User 476,user476@example.com,FR,2026-01-16 23:30:50.172977
477,User 477,user477@example.com,DE,2026-01-16 23:30:50.172978
478,User 478,user478@example.com,DE,2025-06-06 23:30:50.172979
479,User 479,user479@example.com,CA,2025-08-13 23:30:50.172980
480,User 480,user480@example.com,UK,2025-10-27 23:30:50.172982
481,User 481,user481@example.com,FR,2026-02-06 23:30:50.172983
482,User 482,user482@example.com,UK,2025-09-07 23:30:50.172984
483,User 483,user483@example.com,CA,2025-07-26 23:30:50.172985
484,User 484,user484@example.com,US,2025-08-11 23:30:50.172986
485,User 485,user485@example.com,FR,2025-08-22 23:30:50.172987
486,User 486,user486@example.com,CA,2025-09-03 23:30:50.172988
487,User 487,user487@example.com,DE,2025-05-20 23:30:50.172989
488,User 488,user488@example.com,FR,2025-11-23 23:30:50.172990
489,User 489,user489@example.com,DE,2026-03-17 23:30:50.172991
490,User 490,user490@example.com,CA,2025-09-03 23:30:50.172992
491,User 491,user491@example.com,CA,2025-08-14 23:30:50.172992
492,User 492,user492@example.com,DE,2025-08-02 23:30:50.172993
493,User 493,user493@example.com,DE,2026-01-31 23:30:50.172994
494,User 494,user494@example.com,DE,2025-06-09 23:30:50.172995
495,User 495,user495@example.com,CA,2025-04-20 23:30:50.172996
496,User 496,user496@example.com,US,2025-05-13 23:30:50.172998
497,User 497,user497@example.com,DE,2025-11-04 23:30:50.172998
498,User 498,user498@example.com,DE,2025-04-19 23:30:50.173000
499,User 499,user499@example.com,US,2025-10-27 23:30:50.173001
500,User 500,user500@example.com,DE,2025-06-30 23:30:50.173002
501,User 501,user501@example.com,UK,2026-02-20 23:30:50.173003
502,User 502,user502@example.com,UK,2025-08-19 23:30:50.173004
503,User 503,user503@example.com,UK,2025-07-28 23:30:50.173005
504,User 504,user504@example.com,US,2025-08-31 23:30:50.173006
505,User 505,user505@example.com,DE,2025-10-25 23:30:50.173007
506,User 506,user506@example.com,CA,2025-11-20 23:30:50.173008
507,User 507,user507@example.com,US,2025-07-14 23:30:50.173009
508,User 508,user508@example.com,US,2025-06-17 23:30:50.173010
509,User 509,user509@example.com,FR,2025-12-18 23:30:50.173011
510,User 510,user510@example.com,CA,2026-02-03 23:30:50.173012
511,User 511,user511@example.com,CA,2026-03-22 23:30:50.173013
512,User 512,user512@example.com,CA,2025-10-19 23:30:50.173013
513,User 513,user513@example.com,UK,2025-11-09 23:30:50.173014
514,User 514,user514@example.com,DE,2025-12-15 23:30:50.173015
515,User 515,user515@example.com,DE,2025-09-01 23:30:50.173016
516,User 516,user516@example.com,FR,2025-06-11 23:30:50.173017
517,User 517,user517@example.com,FR,2025-12-23 23:30:50.173018
518,User 518,user518@example.com,CA,2026-01-30 23:30:50.173019
519,User 519,user519@example.com,US,2026-02-06 23:30:50.173020
520,User 520,user520@example.com,DE,2025-12-14 23:30:50.173021
521,User 521,user521@example.com,UK,2025-12-10 23:30:50.173022
522,User 522,user522@example.com,US,2025-05-30 23:30:50.173023
523,User 523,user523@example.com,CA,2025-09-29 23:30:50.173024
524,User 524,user524@example.com,US,2026-04-10 23:30:50.173025
525,User 525,user525@example.com,FR,2025-12-22 23:30:50.173026
526,User 526,user526@example.com,US,2025-08-27 23:30:50.173027
527,User 527,user527@example.com,UK,2026-03-26 23:30:50.173028
528,User 528,user528@example.com,DE,2025-05-28 23:30:50.173029
529,User 529,user529@example.com,DE,2026-01-07 23:30:50.173030
530,User 530,user530@example.com,DE,2026-02-14 23:30:50.173031
531,User 531,user531@example.com,US,2025-06-19 23:30:50.173032
532,User 532,user532@example.com,FR,2025-11-10 23:30:50.173033
533,User 533,user533@example.com,UK,2025-08-12 23:30:50.173034
534,User 534,user534@example.com,DE,2025-04-26 23:30:50.173035
535,User 535,user535@example.com,FR,2025-12-01 23:30:50.173036
536,User 536,user536@example.com,US,2025-12-15 23:30:50.173037
537,User 537,user537@example.com,CA,2025-05-28 23:30:50.173038
538,User 538,user538@example.com,US,2026-01-17 23:30:50.173039
539,User 539,user539@example.com,US,2025-08-06 23:30:50.173040
540,User 540,user540@example.com,CA,2026-04-14 23:30:50.173041
541,User 541,user541@example.com,FR,2025-08-13 23:30:50.173042
542,User 542,user542@example.com,US,2026-02-04 23:30:50.173043
543,User 543,user543@example.com,UK,2025-11-11 23:30:50.173044
544,User 544,user544@example.com,FR,2025-07-02 23:30:50.173045
545,User 545,user545@example.com,DE,2025-06-21 23:30:50.173046
546,User 546,user546@example.com,DE,2026-01-11 23:30:50.173047
547,User 547,user547@example.com,FR,2025-06-19 23:30:50.173048
548,User 548,user548@example.com,DE,2025-10-23 23:30:50.173049
549,User 549,user549@example.com,UK,2025-08-24 23:30:50.173050
550,User 550,user550@example.com,UK,2025-09-22 23:30:50.173051
551,User 551,user551@example.com,CA,2025-11-09 23:30:50.173051
552,User 552,user552@example.com,DE,2026-03-24 23:30:50.173052
553,User 553,user553@example.com,UK,2025-08-28 23:30:50.173053
554,User 554,user554@example.com,DE,2025-06-11 23:30:50.173054
555,User 555,user555@example.com,FR,2026-02-01 23:30:50.173055
556,User 556,user556@example.com,UK,2025-06-30 23:30:50.173056
557,User 557,user557@example.com,FR,2026-01-13 23:30:50.173057
558,User 558,user558@example.com,US,2025-05-07 23:30:50.173058
559,User 559,user559@example.com,DE,2026-01-23 23:30:50.173059
560,User 560,user560@example.com,DE,2025-09-28 23:30:50.173060
561,User 561,user561@example.com,CA,2026-01-13 23:30:50.173061
562,User 562,user562@example.com,DE,2025-09-11 23:30:50.173062
563,User 563,user563@example.com,UK,2025-07-17 23:30:50.173063
564,User 564,user564@example.com,UK,2025-05-16 23:30:50.173064
565,User 565,user565@example.com,UK,2026-04-04 23:30:50.173065
566,User 566,user566@example.com,DE,2026-03-04 23:30:50.173066
567,User 567,user567@example.com,DE,2025-09-20 23:30:50.173067
568,User 568,user568@example.com,UK,2026-04-10 23:30:50.173068
569,User 569,user569@example.com,FR,2025-04-22 23:30:50.173069
570,User 570,user570@example.com,CA,2025-11-29 23:30:50.173070
571,User 571,user571@example.com,US,2026-03-14 23:30:50.173071
572,User 572,user572@example.com,US,2026-03-17 23:30:50.173072
573,User 573,user573@example.com,CA,2025-05-20 23:30:50.173073
574,User 574,user574@example.com,FR,2026-02-26 23:30:50.173074
575,User 575,user575@example.com,CA,2026-02-23 23:30:50.173075
576,User 576,user576@example.com,CA,2025-09-12 23:30:50.173076
577,User 577,user577@example.com,FR,2025-07-13 23:30:50.173077
578,User 578,user578@example.com,CA,2025-10-10 23:30:50.173078
579,User 579,user579@example.com,CA,2025-12-12 23:30:50.173079
580,User 580,user580@example.com,US,2026-04-11 23:30:50.173080
581,User 581,user581@example.com,CA,2025-12-06 23:30:50.173081
582,User 582,user582@example.com,US,2026-01-04 23:30:50.173081
583,User 583,user583@example.com,FR,2026-01-18 23:30:50.173082
584,User 584,user584@example.com,US,2025-04-19 23:30:50.173083
585,User 585,user585@example.com,CA,2025-08-01 23:30:50.173084
586,User 586,user586@example.com,DE,2025-05-03 23:30:50.173085
587,User 587,user587@example.com,DE,2026-03-22 23:30:50.173086
588,User 588,user588@example.com,US,2025-04-24 23:30:50.173087
589,User 589,user589@example.com,CA,2025-09-07 23:30:50.173088
590,User 590,user590@example.com,US,2026-01-09 23:30:50.173089
591,User 591,user591@example.com,CA,2026-02-05 23:30:50.173090
592,User 592,user592@example.com,FR,2025-06-25 23:30:50.173091
593,User 593,user593@example.com,FR,2025-09-13 23:30:50.173092
594,User 594,user594@example.com,UK,2025-12-04 23:30:50.173093
595,User 595,user595@example.com,UK,2026-03-10 23:30:50.173094
596,User 596,user596@example.com,FR,2025-06-27 23:30:50.173095
597,User 597,user597@example.com,UK,2025-11-09 23:30:50.173096
598,User 598,user598@example.com,US,2025-10-30 23:30:50.173097
599,User 599,user599@example.com,FR,2025-08-03 23:30:50.173098
600,User 600,user600@example.com,FR,2026-02-01 23:30:50.173099
601,User 601,user601@example.com,CA,2025-04-27 23:30:50.173100
602,User 602,user602@example.com,UK,2025-06-07 23:30:50.173101
603,User 603,user603@example.com,UK,2026-01-21 23:30:50.173102
604,User 604,user604@example.com,US,2025-07-21 23:30:50.173103
605,User 605,user605@example.com,UK,2026-01-02 23:30:50.173104
606,User 606,user606@example.com,CA,2026-02-23 23:30:50.173105
607,User 607,user607@example.com,UK,2026-01-03 23:30:50.173106
608,User 608,user608@example.com,FR,2026-01-21 23:30:50.173107
609,User 609,user609@example.com,UK,2026-01-12 23:30:50.173108
610,User 610,user610@example.com,CA,2025-06-20 23:30:50.173109
611,User 611,user611@example.com,UK,2025-12-14 23:30:50.173110
612,User 612,user612@example.com,DE,2026-02-09 23:30:50.173111
613,User 613,user613@example.com,FR,2025-06-23 23:30:50.173112
614,User 614,user614@example.com,CA,2025-11-10 23:30:50.173113
615,User 615,user615@example.com,DE,2025-06-11 23:30:50.173114
616,User 616,user616@example.com,CA,2025-12-29 23:30:50.173115
617,User 617,user617@example.com,FR,2025-08-03 23:30:50.173116
618,User 618,user618@example.com,UK,2025-05-22 23:30:50.173117
619,User 619,user619@example.com,US,2026-01-04 23:30:50.173118
620,User 620,user620@example.com,US,2026-04-17 23:30:50.173119
621,User 621,user621@example.com,UK,2025-06-17 23:30:50.173120
622,User 622,user622@example.com,US,2025-06-16 23:30:50.173121
623,User 623,user623@example.com,CA,2025-11-17 23:30:50.173122
624,User 624,user624@example.com,FR,2025-12-13 23:30:50.173123
625,User 625,user625@example.com,CA,2025-10-30 23:30:50.173124
626,User 626,user626@example.com,FR,2025-11-12 23:30:50.173125
627,User 627,user627@example.com,UK,2025-08-19 23:30:50.173126
628,User 628,user628@example.com,CA,2026-03-24 23:30:50.173127
629,User 629,user629@example.com,DE,2026-04-07 23:30:50.173128
630,User 630,user630@example.com,US,2025-07-11 23:30:50.173129
631,User 631,user631@example.com,US,2025-05-18 23:30:50.173129
632,User 632,user632@example.com,CA,2025-11-04 23:30:50.173130
633,User 633,user633@example.com,DE,2025-09-06 23:30:50.173131
634,User 634,user634@example.com,DE,2026-04-02 23:30:50.173132
635,User 635,user635@example.com,FR,2025-07-12 23:30:50.173133
636,User 636,user636@example.com,US,2025-07-12 23:30:50.173134
637,User 637,user637@example.com,FR,2026-03-26 23:30:50.173135
638,User 638,user638@example.com,CA,2026-03-29 23:30:50.173136
639,User 639,user639@example.com,FR,2025-11-05 23:30:50.173137
640,User 640,user640@example.com,DE,2025-07-01 23:30:50.173138
641,User 641,user641@example.com,UK,2025-06-14 23:30:50.173139
642,User 642,user642@example.com,CA,2025-11-06 23:30:50.173140
643,User 643,user643@example.com,UK,2025-07-31 23:30:50.173141
644,User 644,user644@example.com,FR,2025-12-12 23:30:50.173142
645,User 645,user645@example.com,UK,2025-09-09 23:30:50.173143
646,User 646,user646@example.com,UK,2025-07-22 23:30:50.173144
647,User 647,user647@example.com,US,2025-12-19 23:30:50.173145
648,User 648,user648@example.com,US,2025-12-02 23:30:50.173146
649,User 649,user649@example.com,FR,2025-10-21 23:30:50.173147
650,User 650,user650@example.com,DE,2026-01-27 23:30:50.173148
651,User 651,user651@example.com,FR,2025-11-24 23:30:50.173149
652,User 652,user652@example.com,UK,2025-10-16 23:30:50.173150
653,User 653,user653@example.com,CA,2026-04-12 23:30:50.173151
654,User 654,user654@example.com,US,2025-08-27 23:30:50.173152
655,User 655,user655@example.com,US,2025-12-06 23:30:50.173153
656,User 656,user656@example.com,UK,2025-11-12 23:30:50.173154
657,User 657,user657@example.com,UK,2026-02-19 23:30:50.173154
658,User 658,user658@example.com,CA,2025-09-16 23:30:50.173155
659,User 659,user659@example.com,US,2025-06-15 23:30:50.173156
660,User 660,user660@example.com,DE,2026-03-12 23:30:50.173157
661,User 661,user661@example.com,CA,2025-05-14 23:30:50.173158
662,User 662,user662@example.com,DE,2025-10-15 23:30:50.173159
663,User 663,user663@example.com,FR,2026-04-16 23:30:50.173160
664,User 664,user664@example.com,CA,2026-01-20 23:30:50.173161
665,User 665,user665@example.com,CA,2025-09-10 23:30:50.173162
666,User 666,user666@example.com,CA,2025-08-21 23:30:50.173163
667,User 667,user667@example.com,DE,2025-11-20 23:30:50.173164
668,User 668,user668@example.com,FR,2026-04-16 23:30:50.173165
669,User 669,user669@example.com,DE,2025-09-12 23:30:50.173166
670,User 670,user670@example.com,CA,2026-03-04 23:30:50.173167
671,User 671,user671@example.com,FR,2025-05-14 23:30:50.173168
672,User 672,user672@example.com,US,2025-06-21 23:30:50.173169
673,User 673,user673@example.com,CA,2025-09-26 23:30:50.173170
674,User 674,user674@example.com,FR,2025-12-27 23:30:50.173171
675,User 675,user675@example.com,UK,2025-12-15 23:30:50.173172
676,User 676,user676@example.com,US,2025-06-30 23:30:50.173173
677,User 677,user677@example.com,DE,2026-04-01 23:30:50.173174
678,User 678,user678@example.com,DE,2025-12-30 23:30:50.173174
679,User 679,user679@example.com,UK,2025-09-21 23:30:50.173176
680,User 680,user680@example.com,UK,2026-01-28 23:30:50.173176
681,User 681,user681@example.com,CA,2025-11-25 23:30:50.173177
682,User 682,user682@example.com,FR,2025-06-27 23:30:50.173178
683,User 683,user683@example.com,DE,2025-12-14 23:30:50.173179
684,User 684,user684@example.com,UK,2026-02-14 23:30:50.173180
685,User 685,user685@example.com,UK,2025-08-25 23:30:50.173181
686,User 686,user686@example.com,UK,2026-02-12 23:30:50.173182
687,User 687,user687@example.com,UK,2026-04-03 23:30:50.173183
688,User 688,user688@example.com,CA,2026-02-26 23:30:50.173184
689,User 689,user689@example.com,CA,2025-12-08 23:30:50.173185
690,User 690,user690@example.com,FR,2026-03-16 23:30:50.173186
691,User 691,user691@example.com,DE,2025-07-22 23:30:50.173187
692,User 692,user692@example.com,CA,2025-05-01 23:30:50.173188
693,User 693,user693@example.com,FR,2025-06-25 23:30:50.173189
694,User 694,user694@example.com,UK,2026-01-11 23:30:50.173190
695,User 695,user695@example.com,CA,2025-10-11 23:30:50.173191
696,User 696,user696@example.com,FR,2026-02-15 23:30:50.173192
697,User 697,user697@example.com,DE,2026-04-06 23:30:50.173193
698,User 698,user698@example.com,UK,2025-07-24 23:30:50.173194
699,User 699,user699@example.com,US,2025-10-27 23:30:50.173195
700,User 700,user700@example.com,CA,2026-02-15 23:30:50.173196
701,User 701,user701@example.com,CA,2026-01-01 23:30:50.173197
702,User 702,user702@example.com,US,2025-08-03 23:30:50.173198
703,User 703,user703@example.com,UK,2025-05-31 23:30:50.173199
704,User 704,user704@example.com,FR,2026-03-29 23:30:50.173200
705,User 705,user705@example.com,CA,2026-02-08 23:30:50.173201
706,User 706,user706@example.com,CA,2025-06-15 23:30:50.173202
707,User 707,user707@example.com,UK,2026-01-12 23:30:50.173203
708,User 708,user708@example.com,CA,2025-07-02 23:30:50.173204
709,User 709,user709@example.com,FR,2025-10-04 23:30:50.173205
710,User 710,user710@example.com,CA,2025-05-19 23:30:50.173206
711,User 711,user711@example.com,DE,2026-01-21 23:30:50.173207
712,User 712,user712@example.com,FR,2025-11-22 23:30:50.173208
713,User 713,user713@example.com,CA,2025-08-30 23:30:50.173209
714,User 714,user714@example.com,DE,2026-03-06 23:30:50.173210
715,User 715,user715@example.com,FR,2025-06-29 23:30:50.173210
716,User 716,user716@example.com,CA,2025-09-15 23:30:50.173212
717,User 717,user717@example.com,FR,2025-07-20 23:30:50.173212
718,User 718,user718@example.com,UK,2025-12-14 23:30:50.173214
719,User 719,user719@example.com,FR,2026-01-07 23:30:50.173214
720,User 720,user720@example.com,FR,2025-10-26 23:30:50.173215
721,User 721,user721@example.com,FR,2025-09-12 23:30:50.173216
722,User 722,user722@example.com,DE,2025-09-20 23:30:50.173217
723,User 723,user723@example.com,DE,2025-12-23 23:30:50.173218
724,User 724,user724@example.com,FR,2026-03-30 23:30:50.173219
725,User 725,user725@example.com,UK,2025-11-07 23:30:50.173220
726,User 726,user726@example.com,US,2026-03-02 23:30:50.173221
727,User 727,user727@example.com,UK,2025-12-22 23:30:50.173222
728,User 728,user728@example.com,CA,2025-06-12 23:30:50.173223
729,User 729,user729@example.com,DE,2025-12-16 23:30:50.173224
730,User 730,user730@example.com,DE,2026-02-10 23:30:50.173225
731,User 731,user731@example.com,FR,2025-05-27 23:30:50.173226
732,User 732,user732@example.com,FR,2025-11-29 23:30:50.173227
733,User 733,user733@example.com,US,2026-04-08 23:30:50.173228
734,User 734,user734@example.com,UK,2025-12-11 23:30:50.173229
735,User 735,user735@example.com,US,2025-11-29 23:30:50.173230
736,User 736,user736@example.com,UK,2026-02-04 23:30:50.173231
737,User 737,user737@example.com,CA,2026-02-23 23:30:50.173232
738,User 738,user738@example.com,US,2025-12-09 23:30:50.173233
739,User 739,user739@example.com,UK,2025-04-30 23:30:50.173234
740,User 740,user740@example.com,DE,2025-08-15 23:30:50.173235
741,User 741,user741@example.com,US,2025-12-24 23:30:50.173236
742,User 742,user742@example.com,US,2025-10-28 23:30:50.173237
743,User 743,user743@example.com,US,2025-11-27 23:30:50.173238
744,User 744,user744@example.com,DE,2026-04-01 23:30:50.173239
745,User 745,user745@example.com,CA,2025-04-27 23:30:50.173240
746,User 746,user746@example.com,FR,2026-03-27 23:30:50.173241
747,User 747,user747@example.com,CA,2025-05-24 23:30:50.173242
748,User 748,user748@example.com,FR,2025-12-11 23:30:50.173243
749,User 749,user749@example.com,US,2026-01-22 23:30:50.173244
750,User 750,user750@example.com,DE,2025-06-30 23:30:50.173245
751,User 751,user751@example.com,DE,2026-03-06 23:30:50.173246
752,User 752,user752@example.com,UK,2026-04-12 23:30:50.173247
753,User 753,user753@example.com,US,2026-01-10 23:30:50.173248
754,User 754,user754@example.com,DE,2025-06-21 23:30:50.173249
755,User 755,user755@example.com,FR,2025-04-30 23:30:50.173250
756,User 756,user756@example.com,UK,2025-09-07 23:30:50.173251
757,User 757,user757@example.com,DE,2025-06-02 23:30:50.173252
758,User 758,user758@example.com,UK,2026-02-24 23:30:50.173253
759,User 759,user759@example.com,US,2025-05-26 23:30:50.173254
760,User 760,user760@example.com,CA,2025-04-18 23:30:50.173255
761,User 761,user761@example.com,UK,2025-10-19 23:30:50.173256
762,User 762,user762@example.com,CA,2025-04-19 23:30:50.173257
763,User 763,user763@example.com,CA,2025-11-30 23:30:50.173258
764,User 764,user764@example.com,FR,2025-07-27 23:30:50.173259
765,User 765,user765@example.com,CA,2025-10-12 23:30:50.173260
766,User 766,user766@example.com,FR,2025-04-25 23:30:50.173261
767,User 767,user767@example.com,US,2025-10-13 23:30:50.173262
768,User 768,user768@example.com,UK,2025-12-23 23:30:50.173263
769,User 769,user769@example.com,UK,2026-03-20 23:30:50.173264
770,User 770,user770@example.com,FR,2025-09-03 23:30:50.173265
771,User 771,user771@example.com,CA,2025-12-28 23:30:50.173266
772,User 772,user772@example.com,US,2025-10-25 23:30:50.173267
773,User 773,user773@example.com,FR,2025-06-18 23:30:50.173267
774,User 774,user774@example.com,FR,2025-10-02 23:30:50.173268
775,User 775,user775@example.com,CA,2026-02-18 23:30:50.173269
776,User 776,user776@example.com,FR,2026-04-12 23:30:50.173270
777,User 777,user777@example.com,FR,2026-01-18 23:30:50.173271
778,User 778,user778@example.com,CA,2026-01-01 23:30:50.173272
779,User 779,user779@example.com,UK,2025-12-30 23:30:50.173273
780,User 780,user780@example.com,US,2026-02-09 23:30:50.173274
781,User 781,user781@example.com,FR,2026-03-01 23:30:50.173275
782,User 782,user782@example.com,FR,2025-10-01 23:30:50.173276
783,User 783,user783@example.com,CA,2025-08-02 23:30:50.173277
784,User 784,user784@example.com,DE,2025-04-26 23:30:50.173278
785,User 785,user785@example.com,UK,2025-06-28 23:30:50.173279
786,User 786,user786@example.com,DE,2025-07-17 23:30:50.173280
787,User 787,user787@example.com,DE,2026-03-12 23:30:50.173283
788,User 788,user788@example.com,DE,2025-08-28 23:30:50.173284
789,User 789,user789@example.com,UK,2026-01-10 23:30:50.173285
790,User 790,user790@example.com,FR,2026-01-08 23:30:50.173286
791,User 791,user791@example.com,CA,2025-10-17 23:30:50.173287
792,User 792,user792@example.com,CA,2025-04-28 23:30:50.173288
793,User 793,user793@example.com,DE,2026-03-11 23:30:50.173289
794,User 794,user794@example.com,CA,2025-09-09 23:30:50.173290
795,User 795,user795@example.com,US,2025-11-20 23:30:50.173291
796,User 796,user796@example.com,DE,2025-07-26 23:30:50.173292
797,User 797,user797@example.com,CA,2025-09-29 23:30:50.173293
798,User 798,user798@example.com,CA,2025-12-13 23:30:50.173294
799,User 799,user799@example.com,CA,2025-06-12 23:30:50.173295
800,User 800,user800@example.com,US,2025-12-18 23:30:50.173296
801,User 801,user801@example.com,CA,2025-06-04 23:30:50.173297
802,User 802,user802@example.com,US,2025-08-04 23:30:50.173298
803,User 803,user803@example.com,UK,2025-05-26 23:30:50.173299
804,User 804,user804@example.com,CA,2025-06-05 23:30:50.173300
805,User 805,user805@example.com,DE,2026-01-20 23:30:50.173301
806,User 806,user806@example.com,UK,2025-10-01 23:30:50.173302
807,User 807,user807@example.com,DE,2025-10-19 23:30:50.173303
808,User 808,user808@example.com,CA,2025-10-22 23:30:50.173304
809,User 809,user809@example.com,UK,2025-11-30 23:30:50.173305
810,User 810,user810@example.com,FR,2026-01-08 23:30:50.173306
811,User 811,user811@example.com,FR,2026-04-14 23:30:50.173307
812,User 812,user812@example.com,FR,2026-02-08 23:30:50.173308
813,User 813,user813@example.com,DE,2025-09-17 23:30:50.173309
814,User 814,user814@example.com,UK,2025-12-13 23:30:50.173310
815,User 815,user815@example.com,CA,2025-04-19 23:30:50.173311
816,User 816,user816@example.com,CA,2026-02-22 23:30:50.173312
817,User 817,user817@example.com,UK,2025-10-12 23:30:50.173313
818,User 818,user818@example.com,CA,2026-02-15 23:30:50.173314
819,User 819,user819@example.com,CA,2025-08-05 23:30:50.173315
820,User 820,user820@example.com,US,2025-05-21 23:30:50.173315
821,User 821,user821@example.com,DE,2026-04-02 23:30:50.173317
822,User 822,user822@example.com,CA,2025-08-05 23:30:50.173317
823,User 823,user823@example.com,UK,2025-08-18 23:30:50.173318
824,User 824,user824@example.com,CA,2025-07-19 23:30:50.173319
825,User 825,user825@example.com,UK,2026-04-16 23:30:50.173320
826,User 826,user826@example.com,DE,2025-06-08 23:30:50.173321
827,User 827,user827@example.com,CA,2025-05-11 23:30:50.173322
828,User 828,user828@example.com,CA,2025-06-20 23:30:50.173323
829,User 829,user829@example.com,FR,2026-03-23 23:30:50.173324
830,User 830,user830@example.com,UK,2025-11-27 23:30:50.173325
831,User 831,user831@example.com,UK,2025-11-17 23:30:50.173326
832,User 832,user832@example.com,FR,2025-05-09 23:30:50.173327
833,User 833,user833@example.com,FR,2025-11-27 23:30:50.173328
834,User 834,user834@example.com,US,2025-08-08 23:30:50.173329
835,User 835,user835@example.com,DE,2026-03-20 23:30:50.173330
836,User 836,user836@example.com,CA,2026-01-18 23:30:50.173331
837,User 837,user837@example.com,US,2025-04-27 23:30:50.173332
838,User 838,user838@example.com,FR,2025-06-13 23:30:50.173333
839,User 839,user839@example.com,UK,2026-02-05 23:30:50.173334
840,User 840,user840@example.com,US,2025-12-18 23:30:50.173335
841,User 841,user841@example.com,FR,2025-09-18 23:30:50.173336
842,User 842,user842@example.com,CA,2025-05-09 23:30:50.173337
843,User 843,user843@example.com,DE,2026-03-19 23:30:50.173338
844,User 844,user844@example.com,FR,2025-08-08 23:30:50.173339
845,User 845,user845@example.com,US,2025-07-12 23:30:50.173340
846,User 846,user846@example.com,FR,2026-04-02 23:30:50.173341
847,User 847,user847@example.com,UK,2025-12-11 23:30:50.173342
848,User 848,user848@example.com,CA,2026-02-06 23:30:50.173343
849,User 849,user849@example.com,UK,2025-11-09 23:30:50.173344
850,User 850,user850@example.com,UK,2025-05-09 23:30:50.173345
851,User 851,user851@example.com,UK,2026-01-31 23:30:50.173346
852,User 852,user852@example.com,UK,2025-07-08 23:30:50.173347
853,User 853,user853@example.com,FR,2025-04-24 23:30:50.173348
854,User 854,user854@example.com,UK,2026-04-12 23:30:50.173349
855,User 855,user855@example.com,US,2025-07-18 23:30:50.173350
856,User 856,user856@example.com,UK,2025-08-28 23:30:50.173351
857,User 857,user857@example.com,US,2025-05-09 23:30:50.173352
858,User 858,user858@example.com,UK,2026-03-10 23:30:50.173353
859,User 859,user859@example.com,UK,2026-01-27 23:30:50.173354
860,User 860,user860@example.com,DE,2026-02-06 23:30:50.173355
861,User 861,user861@example.com,FR,2026-03-06 23:30:50.173356
862,User 862,user862@example.com,US,2025-09-25 23:30:50.173357
863,User 863,user863@example.com,DE,2026-01-25 23:30:50.173358
864,User 864,user864@example.com,US,2025-09-07 23:30:50.173359
865,User 865,user865@example.com,US,2025-11-20 23:30:50.173360
866,User 866,user866@example.com,FR,2025-05-02 23:30:50.173361
867,User 867,user867@example.com,US,2025-06-20 23:30:50.173362
868,User 868,user868@example.com,US,2025-12-30 23:30:50.173363
869,User 869,user869@example.com,UK,2025-09-09 23:30:50.173364
870,User 870,user870@example.com,FR,2026-03-14 23:30:50.173365
871,User 871,user871@example.com,US,2025-06-20 23:30:50.173366
872,User 872,user872@example.com,DE,2025-06-14 23:30:50.173367
873,User 873,user873@example.com,DE,2026-03-13 23:30:50.173368
874,User 874,user874@example.com,UK,2026-01-25 23:30:50.173369
875,User 875,user875@example.com,US,2026-01-01 23:30:50.173370
876,User 876,user876@example.com,US,2025-05-20 23:30:50.173371
877,User 877,user877@example.com,UK,2025-05-19 23:30:50.173372
878,User 878,user878@example.com,CA,2026-02-01 23:30:50.173373
879,User 879,user879@example.com,DE,2025-09-27 23:30:50.173374
880,User 880,user880@example.com,UK,2025-08-05 23:30:50.173375
881,User 881,user881@example.com,US,2026-03-15 23:30:50.173376
882,User 882,user882@example.com,CA,2025-09-16 23:30:50.173377
883,User 883,user883@example.com,FR,2025-10-23 23:30:50.173378
884,User 884,user884@example.com,DE,2025-07-26 23:30:50.173379
885,User 885,user885@example.com,CA,2026-01-23 23:30:50.173380
886,User 886,user886@example.com,UK,2025-12-31 23:30:50.173381
887,User 887,user887@example.com,UK,2025-07-20 23:30:50.173382
888,User 888,user888@example.com,CA,2025-11-25 23:30:50.173383
889,User 889,user889@example.com,FR,2025-06-27 23:30:50.173383
890,User 890,user890@example.com,CA,2025-09-04 23:30:50.173384
891,User 891,user891@example.com,US,2025-10-28 23:30:50.173386
892,User 892,user892@example.com,UK,2025-08-18 23:30:50.173387
893,User 893,user893@example.com,CA,2025-09-05 23:30:50.173388
894,User 894,user894@example.com,UK,2025-04-22 23:30:50.173389
895,User 895,user895@example.com,UK,2026-02-18 23:30:50.173390
896,User 896,user896@example.com,DE,2025-11-12 23:30:50.173391
897,User 897,user897@example.com,UK,2025-09-25 23:30:50.173392
898,User 898,user898@example.com,DE,2025-10-22 23:30:50.173393
899,User 899,user899@example.com,US,2025-10-11 23:30:50.173394
900,User 900,user900@example.com,FR,2025-09-22 23:30:50.173395
901,User 901,user901@example.com,FR,2025-11-03 23:30:50.173396
902,User 902,user902@example.com,US,2025-05-29 23:30:50.173397
903,User 903,user903@example.com,DE,2025-06-12 23:30:50.173398
904,User 904,user904@example.com,US,2026-02-19 23:30:50.173399
905,User 905,user905@example.com,UK,2026-04-04 23:30:50.173400
906,User 906,user906@example.com,FR,2025-07-01 23:30:50.173401
907,User 907,user907@example.com,UK,2025-12-17 23:30:50.173402
908,User 908,user908@example.com,DE,2025-08-20 23:30:50.173403
909,User 909,user909@example.com,DE,2025-07-14 23:30:50.173404
910,User 910,user910@example.com,DE,2026-03-12 23:30:50.173405
911,User 911,user911@example.com,UK,2025-07-11 23:30:50.173406
912,User 912,user912@example.com,CA,2025-04-30 23:30:50.173407
913,User 913,user913@example.com,FR,2025-10-21 23:30:50.173408
914,User 914,user914@example.com,DE,2025-09-27 23:30:50.173409
915,User 915,user915@example.com,US,2025-06-13 23:30:50.173410
916,User 916,user916@example.com,FR,2025-12-08 23:30:50.173411
917,User 917,user917@example.com,US,2026-01-18 23:30:50.173412
918,User 918,user918@example.com,DE,2025-06-26 23:30:50.173413
919,User 919,user919@example.com,US,2025-07-19 23:30:50.173414
920,User 920,user920@example.com,US,2026-02-09 23:30:50.173415
921,User 921,user921@example.com,DE,2025-05-19 23:30:50.173416
922,User 922,user922@example.com,FR,2026-03-14 23:30:50.173417
923,User 923,user923@example.com,FR,2026-03-18 23:30:50.173418
924,User 924,user924@example.com,FR,2026-02-24 23:30:50.173419
925,User 925,user925@example.com,CA,2025-11-26 23:30:50.173420
926,User 926,user926@example.com,US,2026-04-17 23:30:50.173421
927,User 927,user927@example.com,FR,2025-12-18 23:30:50.173422
928,User 928,user928@example.com,DE,2026-01-11 23:30:50.173422
929,User 929,user929@example.com,DE,2026-04-04 23:30:50.173423
930,User 930,user930@example.com,UK,2026-01-20 23:30:50.173424
931,User 931,user931@example.com,US,2026-03-28 23:30:50.173425
932,User 932,user932@example.com,DE,2025-07-31 23:30:50.173426
933,User 933,user933@example.com,UK,2025-09-01 23:30:50.173427
934,User 934,user934@example.com,FR,2025-05-19 23:30:50.173428
935,User 935,user935@example.com,FR,2026-04-16 23:30:50.173429
936,User 936,user936@example.com,UK,2026-02-02 23:30:50.173430
937,User 937,user937@example.com,DE,2025-11-05 23:30:50.173431
938,User 938,user938@example.com,UK,2025-06-17 23:30:50.173432
939,User 939,user939@example.com,UK,2026-03-25 23:30:50.173433
940,User 940,user940@example.com,FR,2026-01-27 23:30:50.173434
941,User 941,user941@example.com,US,2025-12-11 23:30:50.173435
942,User 942,user942@example.com,FR,2026-02-06 23:30:50.173436
943,User 943,user943@example.com,US,2025-12-01 23:30:50.173437
944,User 944,user944@example.com,CA,2025-06-07 23:30:50.173438
945,User 945,user945@example.com,DE,2026-02-07 23:30:50.173439
946,User 946,user946@example.com,CA,2025-08-21 23:30:50.173440
947,User 947,user947@example.com,UK,2025-12-15 23:30:50.173441
948,User 948,user948@example.com,DE,2026-01-30 23:30:50.173442
949,User 949,user949@example.com,DE,2025-09-25 23:30:50.173443
950,User 950,user950@example.com,FR,2026-01-21 23:30:50.173444
951,User 951,user951@example.com,CA,2025-10-20 23:30:50.173445
952,User 952,user952@example.com,UK,2026-04-12 23:30:50.173446
953,User 953,user953@example.com,DE,2026-02-25 23:30:50.173447
954,User 954,user954@example.com,CA,2025-05-19 23:30:50.173448
955,User 955,user955@example.com,UK,2025-11-06 23:30:50.173449
956,User 956,user956@example.com,US,2025-05-17 23:30:50.173450
957,User 957,user957@example.com,CA,2025-10-23 23:30:50.173451
958,User 958,user958@example.com,CA,2025-08-07 23:30:50.173452
959,User 959,user959@example.com,DE,2025-07-23 23:30:50.173453
960,User 960,user960@example.com,US,2026-04-03 23:30:50.173454
961,User 961,user961@example.com,US,2025-10-29 23:30:50.173454
962,User 962,user962@example.com,UK,2026-02-26 23:30:50.173455
963,User 963,user963@example.com,DE,2026-03-01 23:30:50.173456
964,User 964,user964@example.com,FR,2025-12-20 23:30:50.173457
965,User 965,user965@example.com,FR,2026-03-28 23:30:50.173458
966,User 966,user966@example.com,UK,2025-12-07 23:30:50.173459
967,User 967,user967@example.com,FR,2025-12-24 23:30:50.173460
968,User 968,user968@example.com,DE,2025-10-28 23:30:50.173462
969,User 969,user969@example.com,FR,2025-10-22 23:30:50.173463
970,User 970,user970@example.com,CA,2025-11-11 23:30:50.173463
971,User 971,user971@example.com,US,2026-04-14 23:30:50.173464
972,User 972,user972@example.com,DE,2025-08-29 23:30:50.173465
973,User 973,user973@example.com,DE,2025-11-17 23:30:50.173466
974,User 974,user974@example.com,US,2025-04-20 23:30:50.173468
975,User 975,user975@example.com,FR,2026-01-28 23:30:50.173469
976,User 976,user976@example.com,US,2025-05-18 23:30:50.173470
977,User 977,user977@example.com,FR,2026-03-07 23:30:50.173471
978,User 978,user978@example.com,FR,2025-12-01 23:30:50.173472
979,User 979,user979@example.com,US,2025-11-07 23:30:50.173472
980,User 980,user980@example.com,DE,2026-03-06 23:30:50.173473
981,User 981,user981@example.com,US,2025-11-10 23:30:50.173474
982,User 982,user982@example.com,UK,2026-04-11 23:30:50.173475
983,User 983,user983@example.com,US,2026-01-01 23:30:50.173476
984,User 984,user984@example.com,DE,2025-08-16 23:30:50.173477
985,User 985,user985@example.com,US,2025-10-30 23:30:50.173478
986,User 986,user986@example.com,US,2025-10-07 23:30:50.173479
987,User 987,user987@example.com,DE,2025-10-01 23:30:50.173480
988,User 988,user988@example.com,UK,2026-01-14 23:30:50.173481
989,User 989,user989@example.com,FR,2025-08-14 23:30:50.173482
990,User 990,user990@example.com,US,2025-08-25 23:30:50.173483
991,User 991,user991@example.com,FR,2025-09-13 23:30:50.173484
992,User 992,user992@example.com,DE,2025-09-28 23:30:50.173485
993,User 993,user993@example.com,US,2025-04-21 23:30:50.173486
994,User 994,user994@example.com,FR,2025-12-09 23:30:50.173487
995,User 995,user995@example.com,DE,2025-07-02 23:30:50.173488
996,User 996,user996@example.com,FR,2026-01-09 23:30:50.173489
997,User 997,user997@example.com,FR,2025-05-22 23:30:50.173490
998,User 998,user998@example.com,FR,2025-08-24 23:30:50.173491
999,User 999,user999@example.com,FR,2026-02-01 23:30:50.173492
1000,User 1000,user1000@example.com,UK,2025-10-24 23:30:50.173493
